Common Name,Scientific Name,Asmt Year,Stock Assessment Area,Stock Status Area,Council,Council Abbv,FMP,Assessment Model,Assessment Model Type,Science Center Region,Rebuilding Program Status,SI stock boundaries,SI data prep,SI model,SI sci advice,SI other,,,,,,,,,,,,
Snow crab,Chionoecetes opilio,2023,Bering Sea,Bering Sea,North Pacific Fisheries Management Council,NPFMC,Bering Sea/Aleutian Islands King and Tanner Crabs FMP,GMACS,4,Alaska,Rebuilding,0,0,0,0,1,,,,,,,,,,,,
Blue king crab,Paralithodes platypus,2022,Saint Matthew Island,Saint Matthew Island,North Pacific Fisheries Management Council,NPFMC,Bering Sea/Aleutian Islands Groundfish FMP,GMACS,4,Alaska,Rebuilding,,,,,,,,,,,,,,,,,
Blue king crab,Paralithodes platypus,2023,Pribilof Islands,Pribilof Islands,North Pacific Fisheries Management Council,NPFMC,Bering Sea/Aleutian Islands Groundfish FMP,Survey Abundance,2,Alaska,Rebuilding,,,,,,,,,,,,,,,,,
Atka mackerel,Pleurogrammus monopterygius,2023,Bering Sea / Aleutian Islands,Bering Sea / Aleutian Islands,North Pacific Fisheries Management Council,NPFMC,Bering Sea/Aleutian Islands Groundfish FMP,Custom SCAA,4,Alaska,,0,1,0,1,1,,,,,,,,,,,,
Blackspotted and Rougheye Rockfish,Sebastes melanostictus and S. aleutianus,2023,Gulf of Alaska,Gulf of Alaska,North Pacific Fisheries Management Council,NPFMC,Gulf of Alaska Groundfish FMP,Custom SCAA,4,Alaska,,0,1,0,1,NA,,,,,,,,,,,,
Multispecies Complex,Bering Sea / Aleutian Islands Other Rockfish Complex,2022,Bering Sea / Aleutian Islands,Bering Sea / Aleutian Islands,North Pacific Fisheries Management Council,NPFMC,Bering Sea/Aleutian Islands Groundfish FMP,Index Method,2,Alaska,,0,1,1,1,NA,,,,,,,,,,,,
Pacific cod,Gadus macrocephalus,2023,Gulf of Alaska,Gulf of Alaska,North Pacific Fisheries Management Council,NPFMC,Gulf of Alaska Groundfish FMP,Index Method,2,Alaska,,0,1,0,1,1,,,,,,,,,,,,
Sablefish,Anoplopoma fimbria,2023,Eastern Bering Sea / Aleutian Islands / Gulf of Alaska,Eastern Bering Sea / Aleutian Islands / Gulf of Alaska,North Pacific Fisheries Management Council,NPFMC,Gulf of Alaska Groundfish FMP,Custom SCAA,4,Alaska,,0,0,0,0,1,,,,,,,,,,,,
Pacific cod,Gadus macrocephalus,2023,Aleutian Islands,Aleutian Islands,North Pacific Fisheries Management Council,NPFMC,Bering Sea/Aleutian Islands Groundfish FMP,Index Method,2,Alaska,,1,1,1,1,1,,,,,,,,,,,,
Southern Tanner crab,Chionoecetes bairdi,2023,Bering Sea,Bering Sea,North Pacific Fisheries Management Council,NPFMC,Bering Sea/Aleutian Islands King and Tanner Crabs FMP,GMACS,4,Alaska,,1,1,0,1,1,,,,,,,,,,,,
Walleye pollock,Gadus chalcogrammus,2023,Southeast Gulf of Alaska,Southeast Gulf of Alaska,North Pacific Fisheries Management Council,NPFMC,,AMAK,4,Alaska,,1,1,1,1,1,,,,,,,,,,,,
Walleye pollock,Gadus chalcogrammus,2023,Western / Central / West Yakutat Gulf of Alaska,Western / Central / West Yakutat Gulf of Alaska,North Pacific Fisheries Management Council,NPFMC,Gulf of Alaska Groundfish FMP,Custom SCAA,4,Alaska,,1,1,1,1,1,,,,,,,,,,,,
Yelloweye rockfish,Sebastes ruberrimus,2022,Gulf of Alaska,Gulf of Alaska,North Pacific Fisheries Management Council,NPFMC,Gulf of Alaska Groundfish FMP,Index Method,2,Alaska,,1,1,1,1,0,,,,,,,,,,,,
Alaska plaice,Pleuronectes quadrituberculatus,2023,Bering Sea / Aleutian Islands,Bering Sea / Aleutian Islands,North Pacific Fisheries Management Council,NPFMC,Bering Sea/Aleutian Islands Groundfish FMP,Custom SCAA,4,Alaska,,,,,,,,,,,,,,,,,,
Alaska skate,Bathyraja parmifera,2023,Bering Sea / Aleutian Islands,Bering Sea / Aleutian Islands,North Pacific Fisheries Management Council,NPFMC,Bering Sea/Aleutian Islands Groundfish FMP,Custom SCAA,4,Alaska,,,,,,,,,,,,,,,,,,
Arrowtooth flounder,Reinhardtius stomias,2023,Bering Sea / Aleutian Islands,Bering Sea / Aleutian Islands,North Pacific Fisheries Management Council,NPFMC,Bering Sea/Aleutian Islands Groundfish FMP,AMAK,4,Alaska,,,,,,,,,,,,,,,,,,
Arrowtooth flounder,Reinhardtius stomias,2023,Gulf of Alaska,Gulf of Alaska,North Pacific Fisheries Management Council,NPFMC,Gulf of Alaska Groundfish FMP,Custom SCAA,4,Alaska,,,,,,,,,,,,,,,,,,
Atka mackerel,Pleurogrammus monopterygius,2016,Gulf of Alaska,Gulf of Alaska,North Pacific Fisheries Management Council,NPFMC,Gulf of Alaska Groundfish FMP,Historical Average Catch,1,Alaska,,,,,,,,,,,,,,,,,,
Big skate,Raja binoculata,2023,Gulf of Alaska,Gulf of Alaska,North Pacific Fisheries Management Council,NPFMC,Gulf of Alaska Groundfish FMP,Survey Abundance,2,Alaska,,,,,,,,,,,,,,,,,,
Blackspotted and Rougheye rockfish,Sebastes melanostictus and S. aleutianus,2008,Aleutian Islands,Eastern Bering Sea / Aleutian Islands,North Pacific Fisheries Management Council,NPFMC,Bering Sea/Aleutian Islands Groundfish FMP,AMAK,4,Alaska,,,,,,,,,,,,,,,,,,
Blackspotted and Rougheye rockfish,Sebastes melanostictus and S. aleutianus,2022,Eastern Bering Sea,Eastern Bering Sea / Aleutian Islands,North Pacific Fisheries Management Council,NPFMC,Gulf of Alaska Groundfish FMP,Index Method,2,Alaska,,,,,,,,,,,,,,,,,,
Dover sole,Microstomus pacificus,2023,Gulf of Alaska,Gulf of Alaska,North Pacific Fisheries Management Council,NPFMC,Gulf of Alaska Groundfish FMP,SS,4,Alaska,,,,,,,,,,,,,,,,,,
Dusky rockfish,Sebastes variabilis,2023,Gulf of Alaska,Gulf of Alaska,North Pacific Fisheries Management Council,NPFMC,Gulf of Alaska Groundfish FMP,Custom SCAA,4,Alaska,,0,1,0,1,NA,,,,,,,,,,,,
Flathead sole,Hippoglossoides elassodon,2023,Bering Sea / Aleutian Islands,Bering Sea / Aleutian Islands,North Pacific Fisheries Management Council,NPFMC,Bering Sea/Aleutian Islands Groundfish FMP,SS,4,Alaska,,,,,,,,,,,,,,,,,,
Flathead sole,Hippoglossoides elassodon,2023,Gulf of Alaska,Gulf of Alaska,North Pacific Fisheries Management Council,NPFMC,Gulf of Alaska Groundfish FMP,SS,4,Alaska,,,,,,,,,,,,,,,,,,
Giant octopus,Enteroctopus dofleini,2023,Bering Sea / Aleutian Islands,Bering Sea / Aleutian Islands,North Pacific Fisheries Management Council,NPFMC,Bering Sea/Aleutian Islands Groundfish FMP,Predation Based Estimate of M,1,Alaska,,,,,,,,,,,,,,,,,,
Giant octopus,Enteroctopus dofleini,2017,Gulf of Alaska,Gulf of Alaska,North Pacific Fisheries Management Council,NPFMC,Gulf of Alaska Groundfish FMP,Survey Abundance,2,Alaska,,,,,,,,,,,,,,,,,,
Golden king crab,Lithodes aequispinus,2017,Pribilof Islands,Pribilof Islands,North Pacific Fisheries Management Council,NPFMC,Bering Sea/Aleutian Islands Groundfish FMP,Custom SCAL,4,Alaska,,,,,,,,,,,,,,,,,,
Golden king crab,Lithodes aequispinus,2023,Western Aleutian Islands,Aleutian Islands,North Pacific Fisheries Management Council,NPFMC,Bering Sea/Aleutian Islands Groundfish FMP,Custom SCAL,4,Alaska,,,,,,,,,,,,,,,,,,
Golden king crab,Lithodes aequispinus,2023,Eastern Aleutian Islands,Aleutian Islands,North Pacific Fisheries Management Council,NPFMC,Bering Sea/Aleutian Islands Groundfish FMP,Male-Only Length-Based Population Dynamics Model,4,Alaska,,,,,,,,,,,,,,,,,,
Greenland halibut,Reinhardtius hippoglossoides,2023,Bering Sea / Aleutian Islands,Bering Sea / Aleutian Islands,North Pacific Fisheries Management Council,NPFMC,Bering Sea/Aleutian Islands Groundfish FMP,SS,4,Alaska,,,,,,,,,,,,,,,,,,
Kamchatka flounder,Reinhardtius evermanni,2023,Bering Sea / Aleutian Islands,Bering Sea / Aleutian Islands,North Pacific Fisheries Management Council,NPFMC,Bering Sea/Aleutian Islands Groundfish FMP,Custom SCAA,4,Alaska,,,,,,,,,,,,,,,,,,
Longnose skate,Raja rhina,2023,Gulf of Alaska,Gulf of Alaska,North Pacific Fisheries Management Council,NPFMC,Gulf of Alaska Groundfish FMP,Survey Abundance,2,Alaska,,,,,,,,,,,,,,,,,,
Multispecies Complex,Bering Sea / Aleutian Islands Skate Complex,2007,Bering Sea / Aleutian Islands,Bering Sea / Aleutian Islands,North Pacific Fisheries Management Council,NPFMC,Bering Sea/Aleutian Islands Groundfish FMP,Area-Swept Biomass,2,Alaska,,,,,,,,,,,,,,,,,,
Multispecies Complex,Gulf of Alaska Other Deepwater Flatfish Complex,2016,Gulf of Alaska,Gulf of Alaska,North Pacific Fisheries Management Council,NPFMC,Gulf of Alaska Groundfish FMP,Average Catch,1,Alaska,,,,,,,,,,,,,,,,,,
Multispecies Complex,Gulf of Alaska Squid Complex,2016,Gulf of Alaska,Gulf of Alaska,North Pacific Fisheries Management Council,NPFMC,Gulf of Alaska Groundfish FMP,Historical Average Catch,1,Alaska,,,,,,,,,,,,,,,,,,
Multispecies Complex,Bering Sea / Aleutian Islands Shark Complex,2016,Bering Sea / Aleutian Islands,Bering Sea / Aleutian Islands,North Pacific Fisheries Management Council,NPFMC,Bering Sea/Aleutian Islands Groundfish FMP,Index Method,2,Alaska,,,,,,,,,,,,,,,,,,
Multispecies Complex,Bering Sea / Aleutian Islands Other Flatfish Complex,2020,Bering Sea / Aleutian Islands,Bering Sea / Aleutian Islands,North Pacific Fisheries Management Council,NPFMC,Bering Sea/Aleutian Islands Groundfish FMP,Index Method,2,Alaska,,,,,,,,,,,,,,,,,,
Multispecies Complex,Bering Sea / Aleutian Islands Other Skates Complex,2023,Bering Sea / Aleutian Islands,Bering Sea / Aleutian Islands,North Pacific Fisheries Management Council,NPFMC,Bering Sea/Aleutian Islands Groundfish FMP,Index Method,2,Alaska,,,,,,,,,,,,,,,,,,
Multispecies Complex,Gulf of Alaska Shark Complex,2020,Gulf of Alaska,Gulf of Alaska,North Pacific Fisheries Management Council,NPFMC,Gulf of Alaska Groundfish FMP,Index Method,2,Alaska,,,,,,,,,,,,,,,,,,
Multispecies Complex,Gulf of Alaska Other Shallow Water Flatfish Complex,2023,Gulf of Alaska,Gulf of Alaska,North Pacific Fisheries Management Council,NPFMC,Gulf of Alaska Groundfish FMP,Index Method,2,Alaska,,,,,,,,,,,,,,,,,,
Multispecies Complex,Gulf of Alaska Sculpin Complex,2023,Gulf of Alaska,Gulf of Alaska,North Pacific Fisheries Management Council,NPFMC,Gulf of Alaska Groundfish FMP,Index Method,2,Alaska,,,,,,,,,,,,,,,,,,
Multispecies Complex,Gulf of Alaska Shallow Water Flatfish Complex,2018,Gulf of Alaska,Gulf of Alaska,North Pacific Fisheries Management Council,NPFMC,Gulf of Alaska Groundfish FMP,SS,4,Alaska,,,,,,,,,,,,,,,,,,
Multispecies Complex,Gulf of Alaska Other Rockfish Complex,2023,Gulf of Alaska,Gulf of Alaska,North Pacific Fisheries Management Council,NPFMC,Gulf of Alaska Groundfish FMP,Survey Abundance,2,Alaska,,,,,,,,,,,,,,,,,,
Multispecies Complex,Gulf of Alaska Skate Complex,2023,Gulf of Alaska,Gulf of Alaska,North Pacific Fisheries Management Council,NPFMC,Gulf of Alaska Groundfish FMP,Survey Abundance,2,Alaska,,,,,,,,,,,,,,,,,,
North Pacific spiny dogfish,Squalus suckleyi,2022,Bering Sea / Aleutian Islands,Bering Sea / Aleutian Islands,North Pacific Fisheries Management Council,NPFMC,Bering Sea/Aleutian Islands Groundfish FMP,ORCS,1,Alaska,,,,,,,,,,,,,,,,,,
North Pacific spiny dogfish,Squalus suckleyi,2022,Gulf of Alaska,Gulf of Alaska,North Pacific Fisheries Management Council,NPFMC,Gulf of Alaska Groundfish FMP,Random Effects Model,2,Alaska,,,,,,,,,,,,,,,,,,
Northern rock sole,Lepidopsetta polyxystra,2023,Bering Sea / Aleutian Islands,Bering Sea / Aleutian Islands,North Pacific Fisheries Management Council,NPFMC,Bering Sea/Aleutian Islands Groundfish FMP,Custom SCAA,4,Alaska,,,,,,,,,,,,,,,,,,
Northern rock sole,Lepidopsetta polyxystra,2023,Central Gulf of Alaska,Western / Central Gulf of Alaska,North Pacific Fisheries Management Council,NPFMC,Custom SCAA,SS,4,Alaska,,,,,,,,,,,,,,,,,,
Northern rock sole,Lepidopsetta polyxystra,2023,Western Gulf of Alaska,Western / Central Gulf of Alaska,North Pacific Fisheries Management Council,NPFMC,Gulf of Alaska Groundfish FMP,SS,4,Alaska,,,,,,,,,,,,,,,,,,
Northern rockfish,Sebastes polyspinis,2023,Bering Sea / Aleutian Islands,Bering Sea / Aleutian Islands,North Pacific Fisheries Management Council,NPFMC,Bering Sea/Aleutian Islands Groundfish FMP,Custom SCAA,4,Alaska,,,,,,,,,,,,,,,,,,
Northern rockfish,Sebastes polyspinis,2023,Western / Central Gulf of Alaska,Western / Central Gulf of Alaska,North Pacific Fisheries Management Council,NPFMC,Gulf of Alaska Groundfish FMP,Custom SCAA,4,Alaska,,,,,,,,,,,,,,,,,,
Pacific cod,Gadus macrocephalus,2023,Bering Sea,Bering Sea,North Pacific Fisheries Management Council,NPFMC,Bering Sea/Aleutian Islands Groundfish FMP,SS,4,Alaska,,,,,,,,,,,,,,,,,,
Pacific ocean perch,Sebastes alutus,2023,Bering Sea / Aleutian Islands,Bering Sea / Aleutian Islands,North Pacific Fisheries Management Council,NPFMC,Bering Sea/Aleutian Islands Groundfish FMP,Custom SCAA,4,Alaska,,,,,,,,,,,,,,,,,,
Pacific ocean perch,Sebastes alutus,2023,Gulf of Alaska,Gulf of Alaska,North Pacific Fisheries Management Council,NPFMC,Gulf of Alaska Groundfish FMP,Custom SCAA,4,Alaska,,,,,,,,,,,,,,,,,,
Pacific sleeper shark,Somniosus pacificus,2022,Bering Sea / Aleutian Islands,Bering Sea / Aleutian Islands,North Pacific Fisheries Management Council,NPFMC,Bering Sea/Aleutian Islands Groundfish FMP,ORCS,1,Alaska,,,,,,,,,,,,,,,,,,
Pacific sleeper shark,Somniosus pacificus,2022,Gulf of Alaska,Gulf of Alaska,North Pacific Fisheries Management Council,NPFMC,Gulf of Alaska Groundfish FMP,ORCS,1,Alaska,,,,,,,,,,,,,,,,,,
Red king crab,Paralithodes camtschaticus,2017,Western Aleutian Islands,Western Aleutian Islands,North Pacific Fisheries Management Council,NPFMC,Bering Sea/Aleutian Islands Groundfish FMP,Average total catch,1,Alaska,,,,,,,,,,,,,,,,,,
Red king crab,Paralithodes camtschaticus,2023,Bristol Bay,Bristol Bay,North Pacific Fisheries Management Council,NPFMC,Bering Sea/Aleutian Islands Groundfish FMP,GMACS,4,Alaska,,,,,,,,,,,,,,,,,,
Red king crab,Paralithodes camtschaticus,2024,Norton Sound,Norton Sound,North Pacific Fisheries Management Council,NPFMC,Bering Sea/Aleutian Islands Groundfish FMP,GMACS,4,Alaska,,,,,,,,,,,,,,,,,,
Red king crab,Paralithodes camtschaticus,2022,Pribilof Islands,Pribilof Islands,North Pacific Fisheries Management Council,NPFMC,Bering Sea/Aleutian Islands Groundfish FMP,GMACS,4,Alaska,,,,,,,,,,,,,,,,,,
Rex sole,Glyptocephalus zachirus,2023,Eastern Gulf of Alaska,Gulf of Alaska,North Pacific Fisheries Management Council,NPFMC,Gulf of Alaska Groundfish FMP,SS,4,Alaska,,,,,,,,,,,,,,,,,,
Rex sole,Glyptocephalus zachirus,2023,Western / Central Gulf of Alaska,Gulf of Alaska,North Pacific Fisheries Management Council,NPFMC,Gulf of Alaska Groundfish FMP,SS,4,Alaska,,,,,,,,,,,,,,,,,,
Rock sole,Lepidopsetta bilineata,2023,Western Gulf of Alaska,Western Gulf of Alaska,North Pacific Fisheries Management Council,NPFMC,Gulf of Alaska Groundfish FMP,Custom SCAA,4,Alaska,,,,,,,,,,,,,,,,,,
Rock sole,Lepidopsetta bilineata,2023,Central Gulf of Alaska,Central Gulf of Alaska,North Pacific Fisheries Management Council,NPFMC,,SS,4,Alaska,,,,,,,,,,,,,,,,,,
Sharpchin rockfish,Sebastes zacentrus,2023,Gulf of Alaska,Gulf of Alaska,North Pacific Fisheries Management Council,NPFMC,Gulf of Alaska Groundfish FMP,Index Method,2,Alaska,,,,,,,,,,,,,,,,,,
Shortraker rockfish,Sebastes borealis,2022,Bering Sea / Aleutian Islands,Bering Sea / Aleutian Islands,North Pacific Fisheries Management Council,NPFMC,Bering Sea/Aleutian Islands Groundfish FMP,Index Method,2,Alaska,,,,,,,,,,,,,,,,,,
Shortraker rockfish,Sebastes borealis,2023,Gulf of Alaska,Gulf of Alaska,North Pacific Fisheries Management Council,NPFMC,Gulf of Alaska Groundfish FMP,Index Method,2,Alaska,,,,,,,,,,,,,,,,,,
Shortspine thornyhead,Sebastolobus alascanus,2022,Gulf of Alaska,Gulf of Alaska,North Pacific Fisheries Management Council,NPFMC,Gulf of Alaska Groundfish FMP,Index Method,2,Alaska,,,,,,,,,,,,,,,,,,
Walleye pollock,Gadus chalcogrammus,2023,Aleutian Islands,Aleutian Islands,North Pacific Fisheries Management Council,NPFMC,Bering Sea/Aleutian Islands Groundfish FMP,AMAK,4,Alaska,,,,,,,,,,,,,,,,,,
Walleye pollock,Gadus chalcogrammus,2023,Eastern Bering Sea,Eastern Bering Sea,North Pacific Fisheries Management Council,NPFMC,Gulf of Alaska Groundfish FMP,Custom SCAA,4,Alaska,,,,,,,,,,,,,,,,,,
Walleye pollock,Gadus chalcogrammus,2022,Bogoslof,Bogoslof,North Pacific Fisheries Management Council,NPFMC,Bering Sea/Aleutian Islands Groundfish FMP,Index Method,2,Alaska,,,,,,,,,,,,,,,,,,
Weathervane scallop,Patinopecten caurinus,2024,Alaska,Alaska,North Pacific Fisheries Management Council,NPFMC,Alaska Scallop Fishery FMP,Index Method,2,Alaska,,,,,,,,,,,,,,,,,,
Yellowfin sole,Limanda aspera,2023,Bering Sea / Aleutian Islands,Bering Sea / Aleutian Islands,North Pacific Fisheries Management Council,NPFMC,Bering Sea/Aleutian Islands Groundfish FMP,Custom SCAA,4,Alaska,,,,,,,,,,,,,,,,,,
Sailfish,Istiophorus platypterus,2023,Western Atlantic,Western Atlantic,ITTAC,NOAA,Atlantic/Gulf HMS FMP,BSP,2,ICCAT,Rebuilding,,,,,,,,,,,,,,,,,
Bigeye tuna,Thunnus obesus,2021,Atlantic,Atlantic,Highly Migratory Species; International Convention for the Conservation of Atlantic Tuna,"NOAA HMS, ICCAT",Atlantic/Gulf HMS FMP,SS,4,ICCAT,Rebuilding,,,,,,,,,,,,,,,,,
Blue marlin,Makaira nigricans,2018,Atlantic,Atlantic,Highly Migratory Species; International Convention for the Conservation of Atlantic Tuna,"NOAA HMS, ICCAT",Atlantic/Gulf HMS FMP,SS,4,ICCAT,Rebuilding,,,,,,,,,,,,,,,,,
White marlin,Kajikia albida,2019,Atlantic,Atlantic,Highly Migratory Species; International Convention for the Conservation of Atlantic Tuna,"NOAA HMS, ICCAT",Atlantic/Gulf HMS FMP,"SS, JABBA",4,ICCAT,Rebuilding,,,,,,,,,,,,,,,,,
Albacore,Thunnus alalunga,2020,North Atlantic,North Atlantic,ICCAT,NOAA,Atlantic/Gulf HMS FMP,SS,4,ICCAT,,,,,,,,,,,,,,,,,,
Skipjack tuna,Katsuwonus pelamis,2022,Western Atlantic,Western Atlantic,ITTAC,NOAA,Atlantic/Gulf HMS FMP,SS,4,ICCAT,,,,,,,,,,,,,,,,,,
Swordfish,Xiphias gladius,2022,North Atlantic,North Atlantic,ICCAT,NOAA,Atlantic/Gulf HMS FMP,"SS, JABBA, ASPIC",4,ICCAT,,,,,,,,,,,,,,,,,,
Yellowfin tuna,Thunnus albacares,2019,Western Atlantic,Western Atlantic,ITTAC,NOAA,Atlantic/Gulf HMS FMP,SS,4,ICCAT,,,,,,,,,,,,,,,,,,
Blue shark,Prionace glauca,2023,Atlantic,Atlantic,Highly Migratory Species; International Convention for the Conservation of Atlantic Tuna,"NOAA HMS, ICCAT",Atlantic/Gulf HMS FMP,SS,4,ICCAT,,,,,,,,,,,,,,,,,,
Butterfish,Peprilus triacanthus,2022,Gulf of Maine / Cape Hatteras,Gulf of Maine / Cape Hatteras,Mid-Atlantic Fisheries Management Council,MAFMC,"Mackerel, Squid, Butterfish FMP",WHAM,5,MidAtlantic,,0,0,0,0,1,,,,,,,,,,,,
Atlantic surfclam,Spisula solidissima,2020,Mid-Atlantic Coast,Mid-Atlantic Coast,Mid-Atlantic Fisheries Management Council,MAFMC,Atlantic Surfclam and Ocean Quahog FMP,SS,4,MidAtlantic,,1,1,1,0,1,,,,,,,,,,,,
Longbill spearfish,Tetrapturus pfluegeri,1997,Western Atlantic,Western Atlantic,ITTAC,NOAA,Atlantic/Gulf HMS FMP,na,0,na,,,,,,,,,,,,,,,,,,
Atlantic mackerel,Scomber scombrus,2023,Gulf of Maine / Cape Hatteras,Mid-atlantic coast,Mid-Atlantic Fisheries Management Council,MAFMC,"Mackerel, Squid, Butterfish FMP",ASAP,4,Northeast,Rebuilding,,,,,,,,,,,,,,,,,
Bluefish,Pomatomus saltatrix,2023,Atlantic Coast,Atlantic Coast,Mid-Atlantic Fisheries Management Council,MAFMC,Bluefish FMP,WHAM,5,Northeast,Rebuilding,,,,,,,,,,,,,,,,,
Atlantic halibut,Hippoglossus hippoglossus,2022,Northwestern Atlantic Coast,Northwestern Atlantic Coast,New England Fisheries Management Council,NEFMC,Northeast Multispecies FMP,FSD,0,Northeast,Rebuilding,0,0,0,0,0,,,,,,,,,,,,
Atlantic wolffish,Anarhichas lupus,2022,Gulf of Maine / Georges Bank,Gulf of Maine / Georges Bank,New England Fisheries Management Council,NEFMC,Northeast Multispecies FMP,SCALE,4,Northeast,Rebuilding,0,0,0,0,0,,,,,,,,,,,,
Ocean pout,Zoarces americanus,2022,Northwestern Atlantic Coast,Northwestern Atlantic Coast,New England Fisheries Management Council,NEFMC,Northeast Multispecies FMP,Index Method,2,Northeast,Rebuilding,0,0,0,0,0,,,,,,,,,,,,
Witch flounder,Glyptocephalus cynoglossus,2022,Northwestern Atlantic Coast,Northwestern Atlantic Coast,New England Fisheries Management Council,NEFMC,Northeast Multispecies FMP,Empirical Approach,2,Northeast,Rebuilding,0,0,0,0,0,,,,,,,,,,,,
Atlantic cod,Gadus morhua,2023,Eastern Gulf of Maine,Eastern Gulf of Maine,New England Fisheries Management Council,NEFMC,Northeast Multispecies FMP,unknown,0,Northeast,Rebuilding,1,0,0,0,NA,,,,,,,,,,,,
Atlantic herring,Clupea harengus,2022,Northwestern Atlantic Coast,Northwestern Atlantic Coast,New England Fisheries Management Council,NEFMC,Atlantic Herring FMP,ASAP,4,Northeast,Rebuilding,1,0,0,0,1,,,,,,,,,,,,
Red hake,Urophycis chuss,2023,Southern Georges Bank / Mid-Atlantic,Southern Georges Bank / Mid-Atlantic,New England Fisheries Management Council,NEFMC,Northeast Multispecies FMP,Empirical Approach,2,Northeast,Rebuilding,1,0,0,0,1,,,,,,,,,,,,
Yellowtail flounder,Limanda ferruginea,2022,Southern New England / Mid-Atlantic,Southern New England / Mid-Atlantic,New England Fisheries Management Council,NEFMC,Northeast Multispecies FMP,ASAP,4,Northeast,Rebuilding,1,0,0,0,NA,,,,,,,,,,,,
Windowpane,Scophthalmus aquosus,2023,Gulf of Maine / Georges Bank,Gulf of Maine / Georges Bank,New England Fisheries Management Council,NEFMC,Northeast Multispecies FMP,Empirical Approach,2,Northeast,Rebuilding,NA,0,0,0,1,,,,,,,,,,,,
Atlantic cod,Gadus morhua,2021,Georges Bank,Georges Bank,New England Fisheries Management Council,NEFMC,Northeast Multispecies FMP,DLMtool,1,Northeast,Rebuilding,,,,,,,,,,,,,,,,,
Atlantic salmon,Salmo salar,2022,Gulf of Maine,Gulf of Maine,New England Fisheries Management Council,NEFMC,Atlantic Salmon FMP,Index Method,2,Northeast,Rebuilding,,,,,,,,,,,,,,,,,
Thorny skate,Amblyraja radiata,2023,Gulf of Maine,Gulf of Maine,New England Fisheries Management Council,NEFMC,Skate Complex FMP,Index Method,2,Northeast,Rebuilding,,,,,,,,,,,,,,,,,
White hake,Urophycis tenuis,2022,Gulf of Maine / Georges Bank,Gulf of Maine / Georges Bank,New England Fisheries Management Council,NEFMC,Northeast Multispecies FMP,ASAP,4,Northeast,Rebuilding,,,,,,,,,,,,,,,,,
Winter flounder,Pseudopleuronectes americanus,2022,Georges Bank,Georges Bank,New England Fisheries Management Council,NEFMC,Northeast Multispecies FMP,ADAPT,3,Northeast,Rebuilding,,,,,,,,,,,,,,,,,
Yellowtail flounder,Limanda ferruginea,2023,Georges Bank,Georges Bank,New England Fisheries Management Council,NEFMC,Northeast Multispecies FMP,Index Method,2,Northeast,Rebuilding,,,,,,,,,,,,,,,,,
Longfin inshore squid,Loligo pealeii,2023,Georges Bank / Cape Hatteras,Georges Bank / Cape Hatteras,Mid-Atlantic Fisheries Management Council,MAFMC,"Mackerel, Squid, Butterfish FMP",Index Method,2,Northeast,,0,0,0,0,0,,,,,,,,,,,,
Scup,Stenotomus chrysops,2023,Atlantic Coast,Atlantic Coast,Mid-Atlantic Fisheries Management Council,MAFMC,"Mid-Atlantic Summer Flounder, Scup, Black Sea Bass FMP",ASAP,4,Northeast,,0,1,0,0,1,,,,,,,,,,,,
Summer flounder,Paralichthys dentatus,2023,Mid-Atlantic Coast,Mid-Atlantic Coast,Mid-Atlantic Fisheries Management Council,MAFMC,"Summer Flounder, Scup, Black Sea Bass FMP",ASAP,4,Northeast,,0,1,0,0,1,,,,,,,,,,,,
Black sea bass,Centropristis striata,2021,Mid-Atlantic Coast,Mid-Atlantic Coast,Mid-Atlantic Fisheries Management Council,MAFMC,"Summer Flounder, Scup, Black Sea Bass FMP",ASAP,4,Northeast,,1,1,1,0,0,,,,,,,,,,,,
Ocean quahog,Arctica islandica,2020,Atlantic Coast,Atlantic Coast,Mid-Atlantic Fisheries Management Council,MAFMC,Surfclams and Ocean Quahog FMP,SS,4,Northeast,,1,1,1,0,1,,,,,,,,,,,,
Tilefish,Lopholatilus chamaeleonticeps,2021,Mid-Atlantic Coast,Mid-Atlantic Coast,Mid-Atlantic Fisheries Management Council,MAFMC,Tilefish FMP,ASAP,4,Northeast,,,,,,,,,,,,,,,,,,
Red deepsea crab,Chaceon quinquedens,2023,Northwestern Atlantic,Northwestern Atlantic,New England Fisheries Management Council,NEFMC,Atlantic Deep-Sea Red Crab FMP,Index Method,2,Northeast,,0,0,0,0,1,,,,,,,,,,,,
Winter flounder,Pseudopleuronectes americanus,2022,Gulf of Maine,Gulf of Maine,New England Fisheries Management Council,NEFMC,Northeast Multispecies FMP,Area-swept Biomass,2,Northeast,,0,0,0,0,0,,,,,,,,,,,,
Acadian redfish,Sebastes fasciatus,2023,Gulf of Maine / Georges Bank,Gulf of Maine / Georges Bank,New England Fisheries Management Council,NEFMC,Northeast Multispecies FMP,ASAP,4,Northeast,,1,0,0,0,NA,,,,,,,,,,,,
Goosefish,Lophius americanus,2022,Southern Georges Bank / Mid-Atlantic,Southern Georges Bank / Mid-Atlantic,New England Fisheries Management Council,NEFMC,Northeast Multispecies FMP,Ismooth,0,Northeast,,1,0,0,0,1,,,,,,,,,,,,
Goosefish,Lophius americanus,2022,Gulf of Maine / Northern Georges Bank,Gulf of Maine / Northern Georges Bank,New England Fisheries Management Council,NEFMC,Northeast Multispecies FMP,Plan Ismooth,0,Northeast,,1,0,0,0,1,,,,,,,,,,,,
Haddock,Melanogrammus aeglefinus,2023,Eastern Georges Bank,,New England Fisheries Management Council,NEFMC,Northeast Multispecies FMP,WHAM,5,Northeast,,1,1,0,1,0,,,,,,,,,,,,
Haddock,Melanogrammus aeglefinus,2022,Georges Bank,Georges Bank,New England Fisheries Management Council,NEFMC,Northeast Multispecies FMP,WHAM,5,Northeast,,1,1,0,0,0,,,,,,,,,,,,
Pollock,Pollachius virens,2022,Gulf of Maine / Georges Bank,Gulf of Maine / Georges Bank,New England Fisheries Management Council,NEFMC,Northeast Multispecies FMP,ASAP,4,Northeast,,1,0,0,0,NA,,,,,,,,,,,,
Red hake,Urophycis chuss,2023,Gulf of Maine / Northern Georges Bank,Gulf of Maine / Northern Georges Bank,New England Fisheries Management Council,NEFMC,Small-Mesh Multispecies FMP,Empirical Approach,2,Northeast,,1,0,0,0,1,,,,,,,,,,,,
Yellowtail flounder,Limanda ferruginea,2022,Cape Cod / Gulf of Maine,Cape Cod / Gulf of Maine,New England Fisheries Management Council,NEFMC,Northeast Multispecies FMP,VPA,3,Northeast,,1,0,0,0,0,,,,,,,,,,,,
Windowpane,Scophthalmus aquosus,2023,Southern New England / Mid-Atlantic,Southern New England / Mid-Atlantic,New England Fisheries Management Council,NEFMC,Northeast Multispecies FMP,AIM,2,Northeast,,NA,0,0,0,1,,,,,,,,,,,,
American plaice,Hippoglossoides platessoides,2022,Gulf of Maine / Georges Bank,Gulf of Maine / Georges Bank,New England Fisheries Management Council,NEFMC,Northeast Multispecies FMP,WHAM,5,Northeast,,,,,,,,,,,,,,,,,,
Atlantic cod,Gadus morhua,2023,Western Gulf of Maine,Western Gulf of Maine,New England Fisheries Management Council,NEFMC,Northeast Multispecies FMP,ASAP,4,Northeast,,,,,,,,,,,,,,,,,,
Atlantic cod,Gadus morhua,2023,Southern New England,Southern New England,New England Fisheries Management Council,NEFMC,Northeast Multispecies FMP,unknown,0,Northeast,,,,,,,,,,,,,,,,,,
Barndoor skate,Dipturus laevis,2023,Georges Bank / Southern New England,Georges Bank / Southern New England,New England Fisheries Management Council,NEFMC,Skate Complex FMP,Index Method,2,Northeast,,,,,,,,,,,,,,,,,,
Clearnose skate,Raja eglanteria,2023,Southern New England / Mid-Atlantic,Southern New England / Mid-Atlantic,New England Fisheries Management Council,NEFMC,Northeast Multispecies FMP,Index Method,2,Northeast,,,,,,,,,,,,,,,,,,
Haddock,Melanogrammus aeglefinus,2022,Gulf of Maine,Gulf of Maine,New England Fisheries Management Council,NEFMC,Northeast Multispecies FMP,ASAP,4,Northeast,,,,,,,,,,,,,,,,,,
Little skate,Leucoraja erinacea,2023,Georges Bank / Southern New England,Georges Bank / Southern New England,New England Fisheries Management Council,NEFMC,Skate Complex FMP,Index Method,2,Northeast,,,,,,,,,,,,,,,,,,
Offshore hake,Merluccius albidus,2011,Northwestern Atlantic Coast,Northwestern Atlantic Coast,New England Fisheries Management Council,NEFMC,Northeast Multispecies FMP,"AIM, SEINE",2,Northeast,,,,,,,,,,,,,,,,,,
Rosette skate,Leucoraja garmani,2023,Southern New England / Mid-Atlantic,Southern New England / Mid-Atlantic,New England Fisheries Management Council,NEFMC,Northeast Multispecies FMP,Index Method,2,Northeast,,,,,,,,,,,,,,,,,,
Sea scallop,Placopecten magellanicus,2020,Northwestern Atlantic Coast,Northwestern Atlantic Coast,New England Fisheries Management Council,NEFMC,Atlantic Sea Scallop FMP,CASA,4,Northeast,,,,,,,,,,,,,,,,,,
Silver hake,Merluccius bilinearis,2023,Gulf of Maine / Northern Georges Bank,Gulf of Maine / Northern Georges Bank,New England Fisheries Management Council,NEFMC,Small-Mesh Multispecies FMP,Empirical Approach,2,Northeast,,,,,,,,,,,,,,,,,,
Silver hake,Merluccius bilinearis,2023,Southern Georges Bank / Mid-Atlantic,Southern Georges Bank / Mid-Atlantic,New England Fisheries Management Council,NEFMC,Northeast Multispecies FMP,Empirical Approach,2,Northeast,,,,,,,,,,,,,,,,,,
Smooth skate,Malacoraja senta,2023,Gulf of Maine,Gulf of Maine,New England Fisheries Management Council,NEFMC,Skate Complex FMP,Index Method,2,Northeast,,,,,,,,,,,,,,,,,,
Winter flounder,Pseudopleuronectes americanus,2022,Southern New England / Mid-Atlantic,Southern New England / Mid-Atlantic,New England Fisheries Management Council,NEFMC,Northeast Multispecies FMP,ASAP,4,Northeast,,,,,,,,,,,,,,,,,,
Winter skate,Leucoraja ocellata,2023,Georges Bank / Southern New England,Georges Bank / Southern New England,New England Fisheries Management Council,NEFMC,Skate Complex FMP,Index Method,2,Northeast,,,,,,,,,,,,,,,,,,
Northern shortfin squid,Illex illecebrosus,2022,Northwestern Atlantic Coast,Northwestern Atlantic Coast,,NEFMC-MAFMC,"Atlantic Mackerel, Squid, and Butterfish FMP",ASAP,4,Northeast,,0,0,0,0,0,,,,,,,,,,,,
Spiny dogfish,Squalus acanthias,2023,Atlantic Coast,Atlantic Coast,Mid-Atlantic Fisheries Management Council,NEFMC-MAFMC,Spiny Dogfish FMP,SS,4,Northeast,,,,,,,,,,,,,,,,,,
Quillback rockfish,Sebastes maliger,2021,California,California,Pacific Fisheries Management Council,PFMC,Pacific Coast Groundfish FMP,SS,4,Northwest,Rebuilding,0,1,1,1,0,,,,,,,,,,,,
Yelloweye rockfish,Sebastes ruberrimus,2023,Pacific Coast,Pacific Coast,Pacific Fisheries Management Council,PFMC,Pacific Coast Groundfish FMP,SS,4,Northwest,Rebuilding,0,1,1,1,1,,,,,,,,,,,,
Big skate,Raja binoculata,2019,Pacific Coast,Pacific Coast,Pacific Fisheries Management Council,PFMC,Pacific Coast Groundfish FMP,SS,4,Northwest,,0,1,0,0,0,,,,,,,,,,,,
Canary rockfish,Sebastes pinniger,2023,Pacific Coast,Pacific Coast,Pacific Fisheries Management Council,PFMC,Pacific Coast Groundfish FMP,SS,4,Northwest,,0,1,1,0,0,,,,,,,,,,,,
Dover sole,Microstomus pacificus,2021,Pacific Coast,Pacific Coast,Pacific Fisheries Management Council,PFMC,Pacific Coast Groundfish FMP,SS,4,Northwest,,0,1,1,0,1,,,,,,,,,,,,
Longnose skate,Raja rhina,2019,Pacific Coast,Pacific Coast,Pacific Fisheries Management Council,PFMC,Pacific Coast Groundfish FMP,SS,4,Northwest,,0,1,1,0,1,,,,,,,,,,,,
Petrale sole,Eopsetta jordani,2023,Pacific Coast,Pacific Coast,Pacific Fisheries Management Council,PFMC,Pacific Coast Groundfish FMP,SS,4,Northwest,,0,1,1,0,0,,,,,,,,,,,,
Quillback rockfish,Sebastes maliger,2021,Oregon,Oregon,Pacific Fisheries Management Council,PFMC,Pacific Coast Groundfish FMP,SS,4,Northwest,,0,1,1,1,0,,,,,,,,,,,,
Quillback rockfish,Sebastes maliger,2021,Washington,Washington,Pacific Fisheries Management Council,PFMC,Pacific Coast Groundfish FMP,SS,4,Northwest,,0,1,1,1,0,,,,,,,,,,,,
Shortspine thornyhead,Sebastolobus alascanus,2023,Pacific Coast,Pacific Coast,Pacific Fisheries Management Council,PFMC,Pacific Coast Groundfish FMP,SS,4,Northwest,,0,1,1,0,NA,,,,,,,,,,,,
Spiny dogfish,Squalus acanthias,2021,Pacific Coast,Pacific Coast,Pacific Fisheries Management Council,PFMC,Pacific Coast Groundfish FMP,SS,4,Northwest,,0,1,1,0,1,,,,,,,,,,,,
Black rockfish,Sebastes melanops,2023,Oregon,Oregon,Pacific Fisheries Management Council,PFMC,Pacific Coast Groundfish FMP,SS,4,Northwest,,1,1,1,1,0,,,,,,,,,,,,
Black rockfish,Sebastes melanops,2023,Point Conception / Oregon Border,California,Pacific Fisheries Management Council,PFMC,Pacific Coast Groundfish FMP,SS,4,Northwest,,1,1,1,1,0,,,,,,,,,,,,
Black rockfish,Sebastes melanops,2023,South of Point Conception,California,Pacific Fisheries Management Council,PFMC,Pacific Coast Groundfish FMP,SS,4,Northwest,,1,1,1,1,0,,,,,,,,,,,,
Black rockfish,Sebastes melanops,2023,Washington,Washington,Pacific Fisheries Management Council,PFMC,Pacific Coast Groundfish FMP,SS,4,Northwest,,1,1,1,1,0,,,,,,,,,,,,
Cabezon,Scorpaenichthys marmoratus,2019,Washington,Pacific,Pacific Fisheries Management Council,PFMC,Pacific Coast Groundfish FMP,Simple SS,4,Northwest,,1,1,1,1,0,,,,,,,,,,,,
Cabezon,Scorpaenichthys marmoratus,2019,Northern California,California,Pacific Fisheries Management Council,PFMC,Pacific Coast Groundfish FMP,SS,4,Northwest,,1,1,1,1,0,,,,,,,,,,,,
Cabezon,Scorpaenichthys marmoratus,2019,Northern Pacific Coast,Oregon,Pacific Fisheries Management Council,PFMC,Pacific Coast Groundfish FMP,SS,4,Northwest,,1,1,1,1,0,,,,,,,,,,,,
Cabezon,Scorpaenichthys marmoratus,2019,Southern California,California,Pacific Fisheries Management Council,PFMC,Pacific Coast Groundfish FMP,SS,4,Northwest,,1,1,1,1,0,,,,,,,,,,,,
Copper rockfish,Sebastes caurinus,2023,Northern California,California,Pacific Fisheries Management Council,PFMC,Pacific Coast Groundfish FMP,SS,4,Northwest,,1,1,0,1,0,,,,,,,,,,,,
Copper rockfish,Sebastes caurinus,2023,Southern California,California,Pacific Fisheries Management Council,PFMC,Pacific Coast Groundfish FMP,SS,4,Northwest,,1,1,0,1,0,,,,,,,,,,,,
Lingcod,Ophiodon elongatus,2021,Northern Pacific Coast,Northern Pacific Coast,Pacific Fisheries Management Council,PFMC,Pacific Coast Groundfish FMP,SS,4,Northwest,,1,1,1,1,0,,,,,,,,,,,,
Yellowtail rockfish,Sebastes flavidus,2017,Northern Pacific Coast,Northern Pacific Coast,Pacific Fisheries Management Council,PFMC,Pacific Coast Groundfish FMP,SS,4,Northwest,,1,1,1,1,0,,,,,,,,,,,,
Yellowtail rockfish,Sebastes flavidus,2017,Southern Pacific Coast,Southern Pacific Coast,Pacific Fisheries Management Council,PFMC,Pacific Coast Groundfish FMP,SS,4,Northwest,,1,1,1,1,0,,,,,,,,,,,,
Arrowtooth flounder,Reinhardtius stomias,2021,Pacific Coast,Pacific Coast,Pacific Fisheries Management Council,PFMC,Pacific Coast Groundfish FMP,SS,4,Northwest,,,,,,,,,,,,,,,,,,
Aurora rockfish,Sebastes aurora,2013,Pacific Coast,Pacific Coast,Pacific Fisheries Management Council,PFMC,Pacific Coast Groundfish FMP,SS,4,Northwest,,,,,,,,,,,,,,,,,,
Brown rockfish,Sebastes auriculatus,2013,Pacific Coast,Pacific Coast,Pacific Fisheries Management Council,PFMC,Pacific Coast Groundfish FMP,Extended DBSRA,1,Northwest,,,,,,,,,,,,,,,,,,
California scorpionfish,Scorpaena guttata,2017,Southern California,Southern California,Pacific Fisheries Management Council,PFMC,Pacific Coast Groundfish FMP,SS,4,Northwest,,,,,,,,,,,,,,,,,,
Chilipepper,Sebastes goodei,2017,Southern Pacific Coast,Southern Pacific Coast,Pacific Fisheries Management Council,PFMC,Pacific Coast Groundfish FMP,SS,4,Northwest,,,,,,,,,,,,,,,,,,
China rockfish,Sebastes nebulosus,2019,Central Pacific Coast,Central Pacific Coast,Pacific Fisheries Management Council,PFMC,Pacific Coast Groundfish FMP,SS,4,Northwest,,,,,,,,,,,,,,,,,,
China rockfish,Sebastes nebulosus,2019,Northern Pacific Coast,Northern Pacific Coast,Pacific Fisheries Management Council,PFMC,Pacific Coast Groundfish FMP,SS,4,Northwest,,,,,,,,,,,,,,,,,,
China rockfish,Sebastes nebulosus,2019,Southern Pacific Coast,Southern Pacific Coast,Pacific Fisheries Management Council,PFMC,Pacific Coast Groundfish FMP,SS,4,Northwest,,,,,,,,,,,,,,,,,,
Copper rockfish,Sebastes caurinus,2021,Oregon,Oregon and Washington,Pacific Fisheries Management Council,PFMC,Pacific Coast Groundfish FMP,SS,4,Northwest,,,,,,,,,,,,,,,,,,
Copper rockfish,Sebastes caurinus,2021,Washington,Oregon and Washington,Pacific Fisheries Management Council,PFMC,Pacific Coast Groundfish FMP,SS,4,Northwest,,,,,,,,,,,,,,,,,,
Darkblotched rockfish,Sebastes crameri,2021,Pacific Coast,Pacific Coast,Pacific Fisheries Management Council,PFMC,Pacific Coast Groundfish FMP,SS,4,Northwest,,,,,,,,,,,,,,,,,,
English sole,Parophrys vetulus,2013,Pacific Coast,Pacific Coast,Pacific Fisheries Management Council,PFMC,Pacific Coast Groundfish FMP,Extended Simple Stock Synthesis,4,Northwest,,,,,,,,,,,,,,,,,,
Greenspotted rockfish,Sebastes chlorostictus,2011,Pacific Coast,Pacific Coast,Pacific Fisheries Management Council,PFMC,Pacific Coast Groundfish FMP,SS,4,Northwest,,,,,,,,,,,,,,,,,,
Greenstriped rockfish,Sebastes elongatus,2009,Pacific Coast,Pacific Coast,Pacific Fisheries Management Council,PFMC,Pacific Coast Groundfish FMP,SS,4,Northwest,,,,,,,,,,,,,,,,,,
Jack mackerel,Trachurus symmetricus,1983,Pacific Coast,Pacific Coast,Pacific Fisheries Management Council,PFMC,Coastal Pelagic Species FMP,unknown,0,Northwest,,,,,,,,,,,,,,,,,,
Lingcod,Ophiodon elongatus,2021,Southern Pacific Coast,Southern Pacific Coast,Pacific Fisheries Management Council,PFMC,Pacific Coast Groundfish FMP,SS,4,Northwest,,,,,,,,,,,,,,,,,,
Longspine thornyhead,Sebastolobus altivelis,2019,Pacific Coast,Pacific Coast,Pacific Fisheries Management Council,PFMC,Pacific Coast Groundfish FMP,SS,4,Northwest,,,,,,,,,,,,,,,,,,
Northern anchovy,Engraulis mordax,2022,Southern Pacific Coast,Southern Pacific Coast,Pacific Fisheries Management Council,PFMC,Coastal Pelagic Species FMP,SS,4,Northwest,,,,,,,,,,,,,,,,,,
Northern anchovy,Engraulis mordax,1995,Northern Pacific Coast,Northern Pacific Coast,Pacific Fisheries Management Council,PFMC,Coastal Pelagic Species FMP,unknown,0,Northwest,,,,,,,,,,,,,,,,,,
Pacific chub mackerel,Scomber japonicus,2023,Pacific Coast,Pacific Coast,Pacific Fisheries Management Council,PFMC,Coastal Pelagic Species FMP,SS,4,Northwest,,,,,,,,,,,,,,,,,,
Pacific hake,Merluccius productus,2024,Pacific Coast,Pacific Coast,Pacific Fisheries Management Council,PFMC,Pacific Coast Groundfish FMP,SS,4,Northwest,,0,1,1,1,1,,,,,,,,,,,,
Pacific halibut,Hippoglossus stenolepis,2022,Pacific Coast / Alaska,Pacific Coast/ Alaska,Pacific Fisheries Management Council,PFMC,,SS,4,Northwest,,,,,,,,,,,,,,,,,,
Pacific ocean perch,Sebastes alutus,2017,Pacific Coast,Pacific Coast,Pacific Fisheries Management Council,PFMC,Pacific Coast Groundfish FMP,Custom SCAA,4,Northwest,,,,,,,,,,,,,,,,,,
Pacific sanddab,Citharichthys sordidus,2013,Pacific Coast,Pacific Coast,Pacific Fisheries Management Council,PFMC,Pacific Coast Groundfish FMP,SS,4,Northwest,,,,,,,,,,,,,,,,,,
Pacific sardine,Sardinops sagax,2024,Northern Subpopulation,Northern Subpopulation,Pacific Fisheries Management Council,PFMC,Coastal Pelagic Species FMP,SS,4,Northwest,,,,,,,,,,,,,,,,,,
Rex sole,Glyptocephalus zachirus,2023,Pacific Coast,Pacific Coast,Pacific Fisheries Management Council,PFMC,Pacific Coast Groundfish FMP,SS,4,Northwest,,,,,,,,,,,,,,,,,,
Sablefish,Anoplopoma fimbria,2023,Pacific Coast,Pacific Coast,Pacific Fisheries Management Council,PFMC,Pacific Coast Groundfish FMP,SS,4,Northwest,,,,,,,,,,,,,,,,,,
Sharpchin rockfish,Sebastes zacentrus,2013,Pacific Coast,Pacific Coast,Pacific Fisheries Management Council,PFMC,Pacific Coast Groundfish FMP,Extended Simple Stock Synthesis,4,Northwest,,,,,,,,,,,,,,,,,,
Shortbelly rockfish,Sebastes jordani,2007,Pacific Coast,Pacific Coast,Pacific Fisheries Management Council,PFMC,Pacific Coast Groundfish FMP,SS,4,Northwest,,,,,,,,,,,,,,,,,,
Speckled rockfish,Sebastes ovalis,2010,Pacific Coast,Pacific Coast,Pacific Fisheries Management Council,PFMC,Pacific Coast Groundfish FMP,DB-SRA,1,Northwest,,,,,,,,,,,,,,,,,,
Splitnose rockfish,Sebastes diploproa,2009,Pacific Coast,Pacific Coast,Pacific Fisheries Management Council,PFMC,Pacific Coast Groundfish FMP,SS,4,Northwest,,,,,,,,,,,,,,,,,,
Squarespot rockfish,Sebastes hopkinsi,2021,Pacific Coast,Pacific Coast,Pacific Fisheries Management Council,PFMC,Pacific Coast Groundfish FMP,SS,4,Northwest,,,,,,,,,,,,,,,,,,
Starry rockfish,Sebastes constellatus,2010,Pacific Coast,Pacific Coast,Pacific Fisheries Management Council,PFMC,Pacific Coast Groundfish FMP,DB-SRA,1,Northwest,,,,,,,,,,,,,,,,,,
Stripetail rockfish,Sebastes saxicola,2013,Pacific Coast,Pacific Coast,Pacific Fisheries Management Council,PFMC,Pacific Coast Groundfish FMP,Extended Simple Stock Synthesis,4,Northwest,,,,,,,,,,,,,,,,,,
Vermilion rockfish,Sebastes miniatus,2021,Oregon,Oregon and Washington,Pacific Fisheries Management Council,PFMC,Pacific Coast Groundfish FMP,SS,4,Northwest,,,,,,,,,,,,,,,,,,
Vermilion rockfish,Sebastes miniatus,2021,Washington,Oregon and Washington,Pacific Fisheries Management Council,PFMC,Pacific Coast Groundfish FMP,SS,4,Northwest,,,,,,,,,,,,,,,,,,
Vermilion rockfish and Sunset rockfish,Sebastes miniatus and S. crocotulus,2021,Northern California,California,Pacific Fisheries Management Council,PFMC,Pacific Coast Groundfish FMP,SS,4,Northwest,,,,,,,,,,,,,,,,,,
Vermilion rockfish and Sunset rockfish,Sebastes miniatus and S. crocotulus,2021,Southern California,California,Pacific Fisheries Management Council,PFMC,Pacific Coast Groundfish FMP,SS,4,Northwest,,,,,,,,,,,,,,,,,,
Bigeye thresher,Alopias superciliosus,2017,Pacific,Pacific,,PFMC-WPFMC,U.S. West Coast Fisheries for Highly Migratory Species / Pacific Pelagic Fisheries of the Western Pacific Region Ecosystem,MIST,1,Northwest,,,,,,,,,,,,,,,,,,
Kelp greenling,Hexagrammos decagrammus,2015,Oregon,Oregon,Pacific Fisheries Management Council,PFMC,Pacific Coast Groundfish FMP,DB-SRA,1,"Northwest, Southwest",,1,1,1,1,0,,,,,,,,,,,,
Blackgill rockfish,Sebastes melanostomus,2019,Southern California,Southern California,Pacific Fisheries Management Council,PFMC,Pacific Coast Groundfish FMP,"DCAC, SS","1, 4","Northwest, Southwest",,,,,,,,,,,,,,,,,,
Blackspotted and Rougheye Rockfish,Sebastes melanostictus and S. aleutianus,2019,Pacific Coast,Pacific Coast,Pacific Fisheries Management Council,PFMC,Pacific Coast Groundfish FMP,"DB-SRA, SS","1, 4","Northwest, Southwest",,,,,,,,,,,,,,,,,,
Blue and Deacon Rockfish,Sebastes mystinus and S. diaconus,2019,California,California,Pacific Fisheries Management Council,PFMC,Pacific Coast Groundfish FMP,DCAC,1,"Northwest, Southwest",,,,,,,,,,,,,,,,,,
Blue and Deacon Rockfish,Sebastes mystinus and S. diaconus,2017,Oregon,Oregon,Pacific Fisheries Management Council,PFMC,Pacific Coast Groundfish FMP,DCAC,1,"Northwest, Southwest",,,,,,,,,,,,,,,,,,
Bocaccio,Sebastes paucispinis,2017,Southern Pacific Coast,Southern Pacific Coast,Pacific Fisheries Management Council,PFMC,Pacific Coast Groundfish FMP,DB-SRA,1,"Northwest, Southwest",,,,,,,,,,,,,,,,,,
Bronzespotted rockfish,Sebastes gilli,2010,Pacific Coast,Pacific Coast,Pacific Fisheries Management Council,PFMC,Pacific Coast Groundfish FMP,DB-SRA,1,"Northwest, Southwest",,,,,,,,,,,,,,,,,,
Cowcod,Sebastes levis,2019,Southern California,Southern California,Pacific Fisheries Management Council,PFMC,Pacific Coast Groundfish FMP,SS,4,"Northwest, Southwest",,,,,,,,,,,,,,,,,,
Flag rockfish,Sebastes rubrivinctus,2010,Pacific Coast,Pacific Coast,Pacific Fisheries Management Council,PFMC,Pacific Coast Groundfish FMP,DB-SRA,1,"Northwest, Southwest",,,,,,,,,,,,,,,,,,
Gopher / Black-and-Yellow Rockfish,Sebastes carnatus and S. chrysomelas,2019,Northern California,Northern California,Pacific Fisheries Management Council,PFMC,Pacific Coast Groundfish FMP,"DCAC, DB-SRA, SS","1, 4","Northwest, Southwest",,,,,,,,,,,,,,,,,,
Grass rockfish,Sebastes rastrelliger,2010,Pacific Coast,Pacific Coast,Pacific Fisheries Management Council,PFMC,Pacific Coast Groundfish FMP,DB-SRA,1,"Northwest, Southwest",,,,,,,,,,,,,,,,,,
Greenblotched rockfish,Sebastes rosenblatti,2010,Pacific Coast,Pacific Coast,Pacific Fisheries Management Council,PFMC,Pacific Coast Groundfish FMP,DB-SRA,1,"Northwest, Southwest",,,,,,,,,,,,,,,,,,
Honeycomb rockfish,Sebastes umbrosus,2010,Pacific Coast,Pacific Coast,Pacific Fisheries Management Council,PFMC,Pacific Coast Groundfish FMP,DCAC,1,"Northwest, Southwest",,,,,,,,,,,,,,,,,,
Kelp rockfish,Sebastes atrovirens,2010,Pacific Coast,Pacific Coast,Pacific Fisheries Management Council,PFMC,Pacific Coast Groundfish FMP,DB-SRA,1,"Northwest, Southwest",,,,,,,,,,,,,,,,,,
Leopard shark,Triakis semifasciata,2010,Pacific Coast,Pacific Coast,Pacific Fisheries Management Council,PFMC,Pacific Coast Groundfish FMP,DB-SRA,1,"Northwest, Southwest",,,,,,,,,,,,,,,,,,
Mexican rockfish,Sebastes macdonaldi,2010,Pacific Coast,Pacific Coast,Pacific Fisheries Management Council,PFMC,Pacific Coast Groundfish FMP,DCAC,1,"Northwest, Southwest",,,,,,,,,,,,,,,,,,
Olive rockfish,Sebastes serranoides,2010,Pacific Coast,Pacific Coast,Pacific Fisheries Management Council,PFMC,Pacific Coast Groundfish FMP,DB-SRA,1,"Northwest, Southwest",,,,,,,,,,,,,,,,,,
Pacific grenadier,Coryphaenoides acrolepis,2010,Pacific Coast,Pacific Coast,Pacific Fisheries Management Council,PFMC,Pacific Coast Groundfish FMP,DB-SRA,1,"Northwest, Southwest",,,,,,,,,,,,,,,,,,
Pink rockfish,Sebastes eos,2010,Pacific Coast,Pacific Coast,Pacific Fisheries Management Council,PFMC,Pacific Coast Groundfish FMP,DB-SRA,1,"Northwest, Southwest",,,,,,,,,,,,,,,,,,
Redbanded rockfish,Sebastes babcocki,2010,Pacific Coast,Pacific Coast,Pacific Fisheries Management Council,PFMC,Pacific Coast Groundfish FMP,DB-SRA,1,"Northwest, Southwest",,,,,,,,,,,,,,,,,,
Redstripe rockfish,Sebastes proriger,2010,Pacific Coast,Pacific Coast,Pacific Fisheries Management Council,PFMC,Pacific Coast Groundfish FMP,DB-SRA,1,"Northwest, Southwest",,,,,,,,,,,,,,,,,,
Rock sole,Lepidopsetta bilineata,2010,Pacific Coast,Pacific Coast,Pacific Fisheries Management Council,PFMC,Pacific Coast Groundfish FMP,DB-SRA,1,"Northwest, Southwest",,,,,,,,,,,,,,,,,,
Rosethorn rockfish,Sebastes helvomaculatus,2010,Pacific Coast,Pacific Coast,Pacific Fisheries Management Council,PFMC,Pacific Coast Groundfish FMP,DB-SRA,1,"Northwest, Southwest",,,,,,,,,,,,,,,,,,
Rosy rockfish,Sebastes rosaceus,2010,Pacific Coast,Pacific Coast,Pacific Fisheries Management Council,PFMC,Pacific Coast Groundfish FMP,DB-SRA,1,"Northwest, Southwest",,,,,,,,,,,,,,,,,,
Sand sole,Psettichthys melanostictus,2010,Pacific Coast,Pacific Coast,Pacific Fisheries Management Council,PFMC,Pacific Coast Groundfish FMP,DB-SRA,1,"Northwest, Southwest",,,,,,,,,,,,,,,,,,
Shortraker rockfish,Sebastes borealis,2010,Pacific Coast,Pacific Coast,Pacific Fisheries Management Council,PFMC,Pacific Coast Groundfish FMP,DB-SRA,1,"Northwest, Southwest",,,,,,,,,,,,,,,,,,
Silvergray rockfish,Sebastes brevispinis,2010,Pacific Coast,Pacific Coast,Pacific Fisheries Management Council,PFMC,Pacific Coast Groundfish FMP,DB-SRA,1,"Northwest, Southwest",,,,,,,,,,,,,,,,,,
Starry flounder,Platichthys stellatus,2017,Northern Pacific Coast,Pacific Coast,Pacific Fisheries Management Council,PFMC,Pacific Coast Groundfish FMP,DB-SRA,1,"Northwest, Southwest",,,,,,,,,,,,,,,,,,
Starry flounder,Platichthys stellatus,2017,Southern Pacific Coast,Pacific Coast,Pacific Fisheries Management Council,PFMC,Pacific Coast Groundfish FMP,DB-SRA,1,"Northwest, Southwest",,,,,,,,,,,,,,,,,,
Swordspine rockfish,Sebastes ensifer,2010,Pacific Coast,Pacific Coast,Pacific Fisheries Management Council,PFMC,Pacific Coast Groundfish FMP,DB-SRA,1,"Northwest, Southwest",,,,,,,,,,,,,,,,,,
Tiger rockfish,Sebastes nigrocinctus,2010,Pacific Coast,Pacific Coast,Pacific Fisheries Management Council,PFMC,Pacific Coast Groundfish FMP,DB-SRA,1,"Northwest, Southwest",,,,,,,,,,,,,,,,,,
Tope,Galeorhinus galeus,2010,Pacific Coast,Pacific Coast,Pacific Fisheries Management Council,PFMC,Pacific Coast Groundfish FMP,DCAC,1,"Northwest, Southwest",,,,,,,,,,,,,,,,,,
Treefish,Sebastes serriceps,2010,Pacific Coast,Pacific Coast,Pacific Fisheries Management Council,PFMC,Pacific Coast Groundfish FMP,DB-SRA,1,"Northwest, Southwest",,,,,,,,,,,,,,,,,,
Widow rockfish,Sebastes entomelas,2023,Pacific Coast,Pacific Coast,Pacific Fisheries Management Council,PFMC,Pacific Coast Groundfish FMP,SS,4,"Northwest, Southwest",,,,,,,,,,,,,,,,,,
Yellowmouth rockfish,Sebastes reedi,2010,Pacific Coast,Pacific Coast,Pacific Fisheries Management Council,PFMC,Pacific Coast Groundfish FMP,DB-SRA,1,"Northwest, Southwest",,,,,,,,,,,,,,,,,,
Multispecies Complex,Guam Bottomfish Multi-species Complex,2024,Guam,Guam,Western Pacific Fisheries Management Council,WPFMC,Mariana Archipelago Ecosystem,JABBA,2,Pacific Islands,Rebuilding,0,1,0,0,0,,,,,,,,,,,,
Pacific bluefin tuna,Thunnus orientalis,2022,Pacific,Pacific,,PFMC-WPFMC,U.S. West Coast Fisheries for Highly Migratory Species / Pacific Pelagic Fisheries of the Western Pacific Region Ecosystem,SS,4,Pacific Islands,Rebuilding not managed by NMFS,1,1,1,0,0,,,,,,,,,,,,
Striped marlin,Kajikia audax,2023,Central Western Pacific,Central Western Pacific,,PFMC-WPFMC,U.S. West Coast Fisheries for Highly Migratory Species / Pacific Pelagic Fisheries of the Western Pacific Region Ecosystem,SS,4,Pacific Islands,Rebuilding not managed by NMFS,1,1,1,0,1,,,,,,,,,,,,
Oceanic whitetip shark,Carcharhinus longimanus,2019,Tropical Pacific,Western and Central Pacific,Western Pacific Fisheries Management Council,WPFMC,Pacific Pelagic Fisheries of the Western Pacific Region Ecosystem,SS,4,Pacific Islands,Rebuilding not managed by NMFS,0,1,0,0,0,,,,,,,,,,,,
Skipjack tuna,Katsuwonus pelamis,2022,Eastern Tropical Pacific,Eastern Tropical Pacific,,PFMC-WPFMC,U.S. West Coast Fisheries for Highly Migratory Species / Pacific Pelagic Fisheries of the Western Pacific Region Ecosystem,SS,4,Pacific Islands,,0,1,1,0,0,,,,,,,,,,,,
Striped marlin,Kajikia audax,2010,Eastern Tropical Pacific,Eastern Tropical Pacific,,PFMC-WPFMC,U.S. West Coast Fisheries for Highly Migratory Species / Pacific Pelagic Fisheries of the Western Pacific Region Ecosystem,SS,4,Pacific Islands,,0,1,0,0,1,,,,,,,,,,,,
Bigeye tuna,Thunnus obesus,2023,Western and Central Pacific,Western and Central Pacific,,PFMC-WPFMC,U.S. West Coast Fisheries for Highly Migratory Species / Pacific Pelagic Fisheries of the Western Pacific Region Ecosystem,Multifan-CL,4,Pacific Islands,,1,1,1,0,NA,,,,,,,,,,,,
Bigeye tuna,Thunnus obesus,2020,Eastern Tropical Pacific,Eastern Tropical Pacific,,PFMC-WPFMC,U.S. West Coast Fisheries for Highly Migratory Species / Pacific Pelagic Fisheries of the Western Pacific Region Ecosystem,SS,4,Pacific Islands,,1,1,1,0,1,,,,,,,,,,,,
Blue shark,Prionace glauca,2023,Pacific,Pacific,,PFMC-WPFMC,U.S. West Coast Fisheries for Highly Migratory Species / Pacific Pelagic Fisheries of the Western Pacific Region Ecosystem,SS,4,Pacific Islands,,1,1,1,0,1,,,,,,,,,,,,
Shortfin mako,Isurus oxyrinchus,2018,North Pacific,North Pacific,,PFMC-WPFMC,U.S. West Coast Fisheries for Highly Migratory Species / Pacific Pelagic Fisheries of the Western Pacific Region Ecosystem,"Production Model, SS3","2, 4",Pacific Islands,,1,1,0,0,1,,,,,,,,,,,,
Skipjack tuna,Katsuwonus pelamis,2022,Central Western Pacific,Central Western Pacific,,PFMC-WPFMC,U.S. West Coast Fisheries for Highly Migratory Species / Pacific Pelagic Fisheries of the Western Pacific Region Ecosystem,Multifan-CL,4,Pacific Islands,,1,1,1,0,1,,,,,,,,,,,,
Swordfish,Xiphias gladius,2014,Eastern Pacific,Eastern Pacific,,PFMC-WPFMC,U.S. West Coast Fisheries for Highly Migratory Species / Pacific Pelagic Fisheries of the Western Pacific Region Ecosystem,Bayesian State-Space production model,5,Pacific Islands,,1,1,1,0,1,,,,,,,,,,,,
Swordfish,Xiphias gladius,2023,Western and Central North Pacific,Western and Central North Pacific,,PFMC-WPFMC,U.S. West Coast Fisheries for Highly Migratory Species / Pacific Pelagic Fisheries of the Western Pacific Region Ecosystem,SS,4,Pacific Islands,,1,1,1,0,1,,,,,,,,,,,,
Thresher shark,Alopias vulpinus,2018,North Pacific,North Pacific,,PFMC-WPFMC,U.S. West Coast Fisheries for Highly Migratory Species / Pacific Pelagic Fisheries of the Western Pacific Region Ecosystem,SS,4,Pacific Islands,,1,1,1,0,0,,,,,,,,,,,,
Multispecies Complex,CNMI Bottomfish Multi-species Complex,2019,Mariana Archipelago,Mariana Archipelago,Western Pacific Fisheries Management Council,WPFMC,Mariana Archipelago Ecosystem,GTG LBSPR,4,Pacific Islands,,0,1,0,0,0,,,,,,,,,,,,
Multispecies Complex,American Samoa Bottomfish Multi-species Complex,2019,American Samoa,American Samoa,Western Pacific Fisheries Management Council,WPFMC,American Samoa Archipelago Ecosystem,JABBA,2,Pacific Islands,,0,1,0,0,0,,,,,,,,,,,,
Silky shark,Carcharhinus falciformis,2018,Tropical Pacific,Western and Central Pacific,Western Pacific Fisheries Management Council,WPFMC,Pacific Pelagic Fisheries of the Western Pacific Region Ecosystem,SS,4,Pacific Islands,,0,1,0,0,0,,,,,,,,,,,,
Spanner crab,Ranina ranina,2019,Main Hawaiian Islands,Main Hawaiian Islands,Western Pacific Fisheries Management Council,WPFMC,Hawaii Archipelago Ecosystem,BSP,2,Pacific Islands,,0,0,0,0,1,,,,,,,,,,,,
Blue marlin,Makaira mazara,2021,Pacific,Pacific,Western Pacific Fisheries Management Council,WPFMC,Pacific Pelagic Fisheries of the Western Pacific Region Ecosystem,SS,4,Pacific Islands,,1,1,1,0,1,,,,,,,,,,,,
Albacore,Thunnus alalunga,2021,South Pacific,South Pacific,Western Pacific Fisheries Management Council,WPFMC,Pacific Pelagic Fisheries of the Western Pacific Region Ecosystem,Multifan-CL,4,Pacific Islands,,,,,,,,,,,,,,,,,,
Black jack,Caranx lugubris,2023,American Samoa,American Samoa,Western Pacific Fisheries Management Council,WPFMC,American Samoa Archipelago Ecosystem,SS,4,Pacific Islands,,,,,,,,,,,,,,,,,,
Common bluestripe snapper,Lutjanus kasmira,2023,American Samoa,American Samoa,Western Pacific Fisheries Management Council,WPFMC,American Samoa Archipelago Ecosystem,SS,4,Pacific Islands,,,,,,,,,,,,,,,,,,
Crimson jobfish,Pristipomoides filamentosus,2018,Main Hawaiian Islands,Main Hawaiian Islands,Western Pacific Fisheries Management Council,WPFMC,Hawaii Archipelago Ecosystem,Bayesian surplus production model,2,Pacific Islands,,,,,,,,,,,,,,,,,,
Flame snapper,Etelis coruscans,2023,American Samoa,Flame snapper and Ruby snapper complex - American Samoa,Western Pacific Fisheries Management Council,WPFMC,American Samoa Archipelago Ecosystem,SS,4,Pacific Islands,,,,,,,,,,,,,,,,,,
Golden eye jobfish,Pristipomoides flavipinnis,2023,American Samoa,Golden eye jobfish and Crimson jobfish complex - American Samoa,Western Pacific Fisheries Management Council,WPFMC,American Samoa Archipelago Ecosystem,SS,4,Pacific Islands,,,,,,,,,,,,,,,,,,
Green jobfish (Uku),Aprion virescens,2023,American Samoa,American Samoa,Western Pacific Fisheries Management Council,WPFMC,American Samoa Archipelago Ecosystem,SS,4,Pacific Islands,,,,,,,,,,,,,,,,,,
Green jobfish (Uku),Aprion virescens,2020,Main Hawaiian Islands,Main Hawaiian Islands,Western Pacific Fisheries Management Council,WPFMC,Hawaii Archipelago Ecosystem,SS,4,Pacific Islands,,,,,,,,,,,,,,,,,,
Multispecies Complex,Main Hawaiian Islands Deep 7 Bottomfish Multi-species Complex,2024,Main Hawaiian Islands,Main Hawaiian Islands,Western Pacific Fisheries Management Council,WPFMC,Hawaii Archipelago Ecosystem,JABBA,2,Pacific Islands,,,,,,,,,,,,,,,,,,
Multispecies Complex,Northern Mariana Islands Bottomfish Multi-species Complex,2019,Northern Mariana Islands,Northern Mariana Islands,Western Pacific Fisheries Management Council,WPFMC,Mariana Archipelago Ecosystem,JABBA,2,Pacific Islands,,,,,,,,,,,,,,,,,,
Multispecies Complex,Northwestern Hawaiian Islands Bottomfish Multi-species Complex *,,,,Western Pacific Fisheries Management Council,WPFMC,Hawaii Archipelago Ecosystem,JABBA,2,Pacific Islands,,,,,,,,,,,,,,,,,,
Oblique-banded snapper,Pristipomoides zonatus,2023,American Samoa,American Samoa,Western Pacific Fisheries Management Council,WPFMC,American Samoa Archipelago Ecosystem,SS,4,Pacific Islands,,,,,,,,,,,,,,,,,,
Rusty jobfish,Aphareus rutilans,2023,American Samoa,American Samoa,Western Pacific Fisheries Management Council,WPFMC,American Samoa Archipelago Ecosystem,SS,4,Pacific Islands,,,,,,,,,,,,,,,,,,
Spotcheek emperor,Lethrinus rubrioperculatus,2023,American Samoa,American Samoa,Western Pacific Fisheries Management Council,WPFMC,American Samoa Archipelago Ecosystem,SS,4,Pacific Islands,,,,,,,,,,,,,,,,,,
Yellow-edged lyretail,Variola louti,2023,American Samoa,American Samoa,Western Pacific Fisheries Management Council,WPFMC,American Samoa Archipelago Ecosystem,SS,4,Pacific Islands,,,,,,,,,,,,,,,,,,
Yellowfin tuna,Thunnus albacares,2020,Eastern Tropical Pacific,Eastern Tropical Pacific,,PFMC-WPFMC,U.S. West Coast Fisheries for Highly Migratory Species / Pacific Pelagic Fisheries of the Western Pacific Region Ecosystem,3.30.15,0,"Pacific Islands, IATTC",,0,1,1,0,1,,,,,,,,,,,,
Yellowfin tuna,Thunnus albacares,2023,Central Western Pacific,Central Western Pacific,,PFMC-WPFMC,U.S. West Coast Fisheries for Highly Migratory Species / Pacific Pelagic Fisheries of the Western Pacific Region Ecosystem,Multifan-CL,4,"Pacific Islands, IATTC",,,,,,,,,,,,,,,,,,
Goliath grouper,Epinephelus itajara,1999,Caribbean,Caribbean,Caribbean Fisheries Management Council,CFMC,Caribbean Reef Fish FMP,na,0,Southeast,Rebuilding,,,,,,,,,,,,,,,,,
Nassau grouper,Epinephelus striatus,1992,Caribbean,Caribbean,Caribbean Fisheries Management Council,CFMC,Caribbean Reef Fish FMP,Length-frequency Analysis,1,Southeast,Rebuilding,,,,,,,,,,,,,,,,,
Gag,Mycteroperca microlepis,2023,Gulf of Mexico,Gulf of Mexico,Gulf of Mexico Fisheries Management Council,GMFMC,Gulf of Mexico Reef Fish FMP,SS,4,Southeast,Rebuilding,0,0,0,0,0,,,,,,,,,,,,
Red snapper,Lutjanus campechanus,2021,Gulf of Mexico,Gulf of Mexico,Gulf of Mexico Fisheries Management Council,GMFMC,Gulf of Mexico Reef Fish FMP,SS,4,Southeast,Rebuilding,1,1,1,0,0,,,,,,,,,,,,
Gray triggerfish,Balistes capriscus,2020,Gulf of Mexico,Gulf of Mexico,Gulf of Mexico Fisheries Management Council,GMFMC,Gulf of Mexico Reef Fish FMP,SS,4,Southeast,Rebuilding,,,,,,,,,,,,,,,,,
Greater amberjack,Seriola dumerili,2021,Gulf of Mexico,Gulf of Mexico,Gulf of Mexico Fisheries Management Council,GMFMC,Gulf of Mexico Reef Fish FMP,SS,4,Southeast,Rebuilding,,,,,,,,,,,,,,,,,
Blacknose shark,Carcharhinus acronotus,2011,Atlantic,Atlantic,Highly Migratory Species; International Convention for the Conservation of Atlantic Tuna,"NOAA HMS, ICCAT",Atlantic/Gulf HMS FMP,State-space age-structured production model,5,Southeast,Rebuilding,,,,,,,,,,,,,,,,,
Dusky shark,Carcharhinus obscurus,2016,Atlantic,Atlantic and Gulf of Mexico,Highly Migratory Species; International Convention for the Conservation of Atlantic Tuna,"NOAA HMS, ICCAT",Atlantic/Gulf HMS FMP,ASCFM,4,Southeast,Rebuilding,,,,,,,,,,,,,,,,,
Sandbar shark,Carcharhinus plumbeus,2018,Atlantic,Atlantic and Gulf of Mexico,Highly Migratory Species; International Convention for the Conservation of Atlantic Tuna,"NOAA HMS, ICCAT",Atlantic/Gulf HMS FMP,"SS, Length-based Age Structured Model",4,Southeast,Rebuilding,,,,,,,,,,,,,,,,,
Shortfin mako,Isurus oxyrinchus,2017,Atlantic,Atlantic,Highly Migratory Species; International Convention for the Conservation of Atlantic Tuna,"NOAA HMS, ICCAT",Atlantic/Gulf HMS FMP,"JABBA, SS3","2, 4",Southeast,Rebuilding,,,,,,,,,,,,,,,,,
Red snapper,Lutjanus campechanus,2021,Southern Atlantic Coast,Southern Atlantic Coast,South Atlantic Fisheries Management Council,SAFMC,South Atlantic Snapper Grouper FMP,BAM,4,Southeast,Rebuilding,0,1,0,0,1,,,,,,,,,,,,
Gag,Mycteroperca microlepis,2021,Southern Atlantic Coast,Southern Atlantic Coast,South Atlantic Fisheries Management Council,SAFMC,South Atlantic Snapper Grouper FMP,BAM,4,Southeast,Rebuilding,,,,,,,,,,,,,,,,,
Hogfish,Lachnolaimus maximus,2014,Southeast Florida,Florida Keys / East Florida,South Atlantic Fisheries Management Council,SAFMC,South Atlantic Snapper Grouper FMP,SS3,4,Southeast,Rebuilding,,,,,,,,,,,,,,,,,
Red grouper,Epinephelus morio,2017,Southern Atlantic Coast,Southern Atlantic Coast,South Atlantic Fisheries Management Council,SAFMC,South Atlantic Snapper Grouper FMP,BAM,4,Southeast,Rebuilding,,,,,,,,,,,,,,,,,
Red porgy,Pagrus pagrus,2020,Southern Atlantic Coast,Southern Atlantic Coast,South Atlantic Fisheries Management Council,SAFMC,South Atlantic Snapper Grouper FMP,BAM,4,Southeast,Rebuilding,,,,,,,,,,,,,,,,,
Snowy grouper,Epinephelus niveatus,2021,Southern Atlantic Coast,Southern Atlantic Coast,South Atlantic Fisheries Management Council,SAFMC,South Atlantic Snapper Grouper FMP,BAM,4,Southeast,Rebuilding,,,,,,,,,,,,,,,,,
Caribbean spiny lobster,Panulirus argus,2022,Puerto Rico,Puerto Rico,Caribbean Fisheries Management Council,CFMC,Caribbean Spiny Lobster FMP,SS,4,Southeast,,,,,,,,,,,,,,,,,,
Caribbean spiny lobster,Panulirus argus,2010,Southern Atlantic Coast / Gulf of Mexico,Southern Atlantic Coast / Gulf of Mexico,Caribbean Fisheries Management Council,CFMC,Spiny Lobster FMP,SS,4,Southeast,,,,,,,,,,,,,,,,,,
Caribbean spiny lobster,Panulirus argus,2022,St. Croix,St. Croix,Caribbean Fisheries Management Council,CFMC,Caribbean Spiny Lobster FMP,SS,4,Southeast,,,,,,,,,,,,,,,,,,
Caribbean spiny lobster,Panulirus argus,2022,St. Thomas / St. John,St. Thomas / St. John,Caribbean Fisheries Management Council,CFMC,Caribbean Spiny Lobster FMP,SS,4,Southeast,,,,,,,,,,,,,,,,,,
Queen triggerfish,Balistes vetula,2022,Puerto Rico,Puerto Rico,Caribbean Fisheries Management Council,CFMC,Caribbean Reef Fish FMP,SS,4,Southeast,,,,,,,,,,,,,,,,,,
Queen triggerfish,Balistes vetula,2022,St. Croix,St. Croix,Caribbean Fisheries Management Council,CFMC,Caribbean Reef Fish FMP,SS,4,Southeast,,,,,,,,,,,,,,,,,,
Red hind,Epinephelus guttatus,2014,Caribbean,Caribbean,Caribbean Fisheries Management Council,CFMC,Caribbean Reef Fish FMP,Non-Equilibrium Mean Length Estimator,1,Southeast,,,,,,,,,,,,,,,,,,
Pink shrimp,Farfantepenaeus duorarum,2019,Gulf of Mexico,Gulf of Mexico,Gulf of Mexico Fisheries Management Council,GMFMC,Shrimp FMP,SS,4,Southeast,,0,1,0,0,0,,,,,,,,,,,,
Scamp,Mycteroperca phenax,2022,Gulf of Mexico,Gulf of Mexico,Gulf of Mexico Fisheries Management Council,GMFMC,Gulf of Mexico Reef Fish FMP,SS,4,Southeast,,0,1,0,0,1,,,,,,,,,,,,
Spanish mackerel,Scomberomorus maculatus,2023,Gulf of Mexico,Gulf of Mexico,Gulf of Mexico Fisheries Management Council,GMFMC,Gulf of Mexico Reef Fish FMP,SS,4,Southeast,,0,0,0,0,1,,,,,,,,,,,,
White shrimp,Litopenaeus setiferus,2019,Gulf of Mexico,Gulf of Mexico,Gulf of Mexico Fisheries Management Council,GMFMC,Shrimp FMP,SS,4,Southeast,,0,1,0,0,0,,,,,,,,,,,,
Vermilion snapper,Rhomboplites aurorubens,2023,Gulf of Mexico,Gulf of Mexico,Gulf of Mexico Fisheries Management Council,GMFMC,Gulf of Mexico Reef Fish FMP,SS,4,Southeast,,1,1,1,0,NA,,,,,,,,,,,,
Yellowedge grouper,Epinephelus flavolimbatus,2024,Gulf of Mexico,Gulf of Mexico,Gulf of Mexico Fisheries Management Council,GMFMC,Gulf of Mexico Reef Fish FMP,SS,4,Southeast,,1,1,1,0,0,,,,,,,,,,,,
Goliath grouper,Epinephelus itajara,2016,Gulf of Mexico,Southern Atlantic Coast / Gulf of Mexico,Gulf of Mexico Fisheries Management Council,GMFMC,Gulf of Mexico Reef Fish FMP,"Catch Free Model, SSRA",4,Southeast,,,,,,,,,,,,,,,,,,
Gray snapper,Lutjanus griseus,2022,Gulf of Mexico,Gulf of Mexico,Gulf of Mexico Fisheries Management Council,GMFMC,Gulf of Mexico Reef Fish FMP,SS,4,Southeast,,,,,,,,,,,,,,,,,,
Lane snapper,Lutjanus synagris,2023,Gulf of Mexico,Gulf of Mexico,Gulf of Mexico Fisheries Management Council,GMFMC,Gulf of Mexico Reef Fish FMP,DLMtool,1,Southeast,,,,,,,,,,,,,,,,,,
Nassau grouper,Epinephelus striatus,1999,Gulf of Mexico,Southern Atlantic Coast / Gulf of Mexico,Gulf of Mexico Fisheries Management Council,GMFMC,Gulf of Mexico Reef Fish FMP,unknown,0,Southeast,,,,,,,,,,,,,,,,,,
Red drum,Sciaenops ocellatus,2000,Gulf of Mexico,Gulf of Mexico,Gulf of Mexico Fisheries Management Council,GMFMC,Red Drum FMP,unknown,0,Southeast,,,,,,,,,,,,,,,,,,
Red grouper,Epinephelus morio,2024,Gulf of Mexico,Gulf of Mexico,Gulf of Mexico Fisheries Management Council,GMFMC,Gulf of Mexico Reef Fish FMP,SS,4,Southeast,,,,,,,,,,,,,,,,,,
Royal red shrimp,Pleoticus robustus,2020,Gulf of Mexico,Gulf of Mexico,Gulf of Mexico Fisheries Management Council,GMFMC,Shrimp FMP,Index Method,2,Southeast,,,,,,,,,,,,,,,,,,
Tilefish,Lopholatilus chamaeleonticeps,2011,Gulf of Mexico,Gulf of Mexico,Gulf of Mexico Fisheries Management Council,GMFMC,Gulf of Mexico Reef Fish FMP,SS3,4,Southeast,,,,,,,,,,,,,,,,,,
Cobia,Rachycentron canadum,2020,Gulf of Mexico,Gulf of Mexico,,GMFMC-SAFMC,Coastal Migratory Pelagic FMP,SS,4,Southeast,,,,,,,,,,,,,,,,,,
King mackerel,Scomberomorus cavalla,2023,Gulf of Mexico,Gulf of Mexico,,GMFMC-SAFMC,Coastal Migratory Pelagic FMP,SS,4,Southeast,,,,,,,,,,,,,,,,,,
King mackerel,Scomberomorus cavalla,2020,Southern Atlantic Coast,Southern Atlantic Coast,,GMFMC-SAFMC,Coastal Migratory Pelagics FMP,SS,4,Southeast,,,,,,,,,,,,,,,,,,
Spanish mackerel,Scomberomorus maculatus,2023,Southern Atlantic Coast,Southern Atlantic Coast,,GMFMC-SAFMC,Coastal Migratory Pelagics FMP,BAM,4,Southeast,,,,,,,,,,,,,,,,,,
Blueline tilefish,Caulolatilus microps,2018,Mid-Atlantic Coast,Mid-Atlantic Coast,Mid-Atlantic Fisheries Management Council,MAFMC,Golden and Blueline Tilefish FMP,Catch only,1,Southeast,,,,,,,,,,,,,,,,,,
Bluefin tuna,Thunnus thynnus,2021,Western Atlantic,Western Atlantic,ICCAT,NOAA,Atlantic/Gulf HMS FMP,SS,4,Southeast,,1,1,1,1,1,,,,,,,,,,,,
Atlantic sharpnose shark,Rhizoprionodon terraenovae,2013,Gulf of Mexico,Gulf of Mexico,,NOAA,Atlantic/Gulf HMS FMP,State-space age-structured production model,5,Southeast,,,,,,,,,,,,,,,,,,
Blacknose shark,Carcharhinus acronotus,2011,Gulf of Mexico,Gulf of Mexico,,NOAA,Atlantic/Gulf HMS FMP,State-space age-structured production model,5,Southeast,,,,,,,,,,,,,,,,,,
Blacktip shark,Carcharhinus limbatus,2018,Gulf of Mexico,Gulf of Mexico,,NOAA,Atlantic/Gulf HMS FMP,SS,4,Southeast,,,,,,,,,,,,,,,,,,
Multispecies Complex,Gulf Smoothhound Complex,2015,Gulf of Mexico,Gulf of Mexico,,NOAA,Atlantic/Gulf HMS FMP,State-Space Bayesian Surplus Production Model,5,Southeast,,,,,,,,,,,,,,,,,,
Atlantic sharpnose shark,Rhizoprionodon terraenovae,2013,Atlantic,Atlantic,Highly Migratory Species; International Convention for the Conservation of Atlantic Tuna,"NOAA HMS, ICCAT",Atlantic/Gulf HMS FMP,SS,4,Southeast,,,,,,,,,,,,,,,,,,
Blacktip shark,Carcharhinus limbatus,2021,Atlantic,Atlantic,Highly Migratory Species; International Convention for the Conservation of Atlantic Tuna,"NOAA HMS, ICCAT",Atlantic/Gulf HMS FMP,SS,4,Southeast,,,,,,,,,,,,,,,,,,
Finetooth shark,Carcharhinus isodon,2007,Atlantic,Atlantic and Gulf of Mexico,Highly Migratory Species; International Convention for the Conservation of Atlantic Tuna,"NOAA HMS, ICCAT",Atlantic/Gulf HMS FMP,BSP,2,Southeast,,,,,,,,,,,,,,,,,,
Smooth dogfish,Mustelus canis,2015,Atlantic,Atlantic,Highly Migratory Species; International Convention for the Conservation of Atlantic Tuna,"NOAA HMS, ICCAT",Atlantic/Gulf HMS FMP,SS,4,Southeast,,,,,,,,,,,,,,,,,,
Brown shrimp,Farfantepenaeus aztecus,2019,Gulf of Mexico,Gulf of Mexico,South Atlantic Fisheries Management Council,SAFMC,Shrimp FMP,Index Method,2,Southeast,,0,1,0,0,0,,,,,,,,,,,,
Gray triggerfish,Balistes capriscus,2016,Southern Atlantic Coast,Southern Atlantic Coast,South Atlantic Fisheries Management Council,SAFMC,South Atlantic Snapper Grouper FMP,BAM,4,Southeast,,0,1,1,1,1,,,,,,,,,,,,
Tilefish,Lopholatilus chamaeleonticeps,2021,Southern Atlantic Coast,Southern Atlantic Coast,South Atlantic Fisheries Management Council,SAFMC,South Atlantic Snapper Grouper FMP,ASAP,4,Southeast,,0,0,0,0,0,,,,,,,,,,,,
Black sea bass,Centropristis striata,2023,Southern Atlantic Coast,Southern Atlantic Coast,South Atlantic Fisheries Management Council,SAFMC,South Atlantic Snapper Grouper FMP,BAM,4,Southeast,,1,1,1,0,0,,,,,,,,,,,,
Scamp,Mycteroperca phenax,2023,Southern Atlantic Coast,Southern Atlantic Coast,South Atlantic Fisheries Management Council,SAFMC,South Atlantic Snapper Grouper FMP,BAM,4,Southeast,,1,1,0,0,1,,,,,,,,,,,,
Mutton snapper,Lutjanus analis,2015,Southern Atlantic Coast / Gulf of Mexico,Southern Atlantic Coast / Gulf of Mexico,South Atlantic Fisheries Management Council,SAFMC,South Atlantic Snapper Grouper FMP,ASAP,4,Southeast,,NA,1,1,0,0,,,,,,,,,,,,
Yellowtail snapper,Ocyurus chrysurus,2022,Southern Atlantic Coast / Gulf of Mexico,Southern Atlantic Coast / Gulf of Mexico,South Atlantic Fisheries Management Council,SAFMC,South Atlantic Snapper Grouper FMP,SS,4,Southeast,,NA,1,0,0,0,,,,,,,,,,,,
Black grouper,Mycteroperca bonaci,2010,Southern Atlantic Coast / Gulf of Mexico,Southern Atlantic Coast / Gulf of Mexico,South Atlantic Fisheries Management Council,SAFMC,South Atlantic Snapper Grouper FMP,Catch Curve,1,Southeast,,,,,,,,,,,,,,,,,,
Blueline tilefish,Caulolatilus microps,2017,Southern Atlantic Coast,Southern Atlantic Coast,South Atlantic Fisheries Management Council,SAFMC,South Atlantic Snapper Grouper FMP,ASPIC,1,Southeast,,,,,,,,,,,,,,,,,,
Brown rock shrimp,Sicyonia brevirostris,2018,Southern Atlantic Coast,Southern Atlantic Coast,South Atlantic Fisheries Management Council,SAFMC,Shrimp FMP,Index Method,2,Southeast,,,,,,,,,,,,,,,,,,
Brown shrimp,Farfantepenaeus aztecus,2018,Southern Atlantic Coast,Southern Atlantic Coast,South Atlantic Fisheries Management Council,SAFMC,Shrimp FMP,Survey Abundance,1,Southeast,,,,,,,,,,,,,,,,,,
Dolphinfish,Coryphaena hippurus,2000,Southern Atlantic Coast,Southern Atlantic Coast,South Atlantic Fisheries Management Council,SAFMC,Dolphin Wahoo FMP,Unknown,0,Southeast,,,,,,,,,,,,,,,,,,
Golden deepsea crab,Chaceon fenneri,2000,Southern Atlantic Coast,Southern Atlantic Coast,South Atlantic Fisheries Management Council,SAFMC,Golden Crab FMP,Production Model,2,Southeast,,,,,,,,,,,,,,,,,,
Goliath grouper,Epinephelus itajara,2004,Southern Atlantic Coast,Southern Atlantic Coast / Gulf of Mexico,South Atlantic Fisheries Management Council,SAFMC,South Atlantic Snapper Grouper FMP,na,0,Southeast,,,,,,,,,,,,,,,,,,
Goliath grouper,Epinephelus itajara,2016,Southern Atlantic Coast / Gulf of Mexico,Southern Atlantic Coast / Gulf of Mexico,South Atlantic Fisheries Management Council,SAFMC,South Atlantic Snapper Grouper FMP,SSRA,1,Southeast,,,,,,,,,,,,,,,,,,
Gray snapper,Lutjanus griseus,1993,Southern Atlantic Coast,Southern Atlantic Coast,South Atlantic Fisheries Management Council,SAFMC,South Atlantic Snapper Grouper FMP,Unknown,0,Southeast,,,,,,,,,,,,,,,,,,
Greater amberjack,Seriola dumerili,2020,Southern Atlantic Coast,Southern Atlantic Coast,South Atlantic Fisheries Management Council,SAFMC,South Atlantic Snapper Grouper FMP,BAM,4,Southeast,,,,,,,,,,,,,,,,,,
Hogfish,Lachnolaimus maximus,2018,Eastern Gulf of Mexico,Eastern Gulf of Mexico,South Atlantic Fisheries Management Council,SAFMC,South Atlantic Snapper Grouper FMP,SS,4,Southeast,,,,,,,,,,,,,,,,,,
Hogfish,Lachnolaimus maximus,2014,Carolinas,Carolinas,South Atlantic Fisheries Management Council,SAFMC,South Atlantic Snapper Grouper FMP,SS3,4,Southeast,,,,,,,,,,,,,,,,,,
Lane snapper,Lutjanus synagris,1992,Southern Atlantic Coast,Southern Atlantic Coast,South Atlantic Fisheries Management Council,SAFMC,South Atlantic Snapper Grouper FMP,unknown,0,Southeast,,,,,,,,,,,,,,,,,,
Mutton snapper,Lutjanus analis,1993,Southern Atlantic Coast,Southern Atlantic Coast,South Atlantic Fisheries Management Council,SAFMC,South Atlantic Snapper Grouper FMP,ASAP,4,Southeast,,,,,,,,,,,,,,,,,,
Nassau grouper,Epinephelus striatus,1999,Southern Atlantic Coast,Southern Atlantic Coast / Gulf of Mexico,South Atlantic Fisheries Management Council,SAFMC,South Atlantic Snapper Grouper FMP,unknown,0,Southeast,,,,,,,,,,,,,,,,,,
Pink shrimp,Farfantepenaeus duorarum,2018,Southern Atlantic Coast,Southern Atlantic Coast,South Atlantic Fisheries Management Council,SAFMC,Shrimp FMP,Index Method,2,Southeast,,,,,,,,,,,,,,,,,,
Speckled hind,Epinephelus drummondhayi,2001,Southern Atlantic Coast,Southern Atlantic Coast,South Atlantic Fisheries Management Council,SAFMC,South Atlantic Snapper Grouper FMP,Catch Curve,1,Southeast,,,,,,,,,,,,,,,,,,
Vermilion snapper,Rhomboplites aurorubens,2018,Southern Atlantic Coast,Southern Atlantic Coast,South Atlantic Fisheries Management Council,SAFMC,South Atlantic Snapper Grouper FMP,Beaufort Statistical Catch-at-Age Model,4,Southeast,,,,,,,,,,,,,,,,,,
Wahoo,Acanthocybium solandri,2000,Southern Atlantic Coast,Southern Atlantic Coast,South Atlantic Fisheries Management Council,SAFMC,Dolphin Wahoo FMP,unknown,0,Southeast,,,,,,,,,,,,,,,,,,
Warsaw grouper,Epinephelus nigritus,2001,Southern Atlantic Coast,Southern Atlantic Coast,South Atlantic Fisheries Management Council,SAFMC,South Atlantic Snapper Grouper FMP,unknown,0,Southeast,,,,,,,,,,,,,,,,,,
White grunt,Haemulon plumierii,2000,Southern Atlantic Coast,Southern Atlantic Coast,South Atlantic Fisheries Management Council,SAFMC,South Atlantic Snapper Grouper FMP,unknown,0,Southeast,,,,,,,,,,,,,,,,,,
White shrimp,Litopenaeus setiferus,2018,Southern Atlantic Coast,Southern Atlantic Coast,South Atlantic Fisheries Management Council,SAFMC,Shrimp FMP,Survey Abundance,2,Southeast,,,,,,,,,,,,,,,,,,
Wreckfish,Polyprion americanus,2014,Southern Atlantic Coast,Southern Atlantic Coast,South Atlantic Fisheries Management Council,SAFMC,South Atlantic Snapper Grouper FMP,"SCAA, Dynamic Production Model",4,Southeast,,,,,,,,,,,,,,,,,,
Yellowedge grouper,Epinephelus flavolimbatus,2001,Southern Atlantic Coast,Southern Atlantic Coast,South Atlantic Fisheries Management Council,SAFMC,South Atlantic Snapper Grouper FMP,unknown,0,Southeast,,,,,,,,,,,,,,,,,,
Porbeagle,Lamna nasus,2021,Atlantic,Northwestern Atlantic Coast,Highly Migratory Species; International Convention for the Conservation of Atlantic Tuna,"NOAA HMS, ICCAT",Atlantic/Gulf HMS FMP,"ICM, SAFE",1,"Southeast, ICCAT",Rebuilding,,,,,,,,,,,,,,,,,
Albacore,Thunnus alalunga,2023,North Pacific,North Pacific,Pacific Fisheries Management Council,PFMC,U.S. West Coast Fisheries for Highly Migratory Species / Pacific Pelagic Fisheries of the Western Pacific Region Ecosystem,SS,4,Southwest,,1,1,1,1,NA,,,,,,,,,,,,
Opalescent inshore squid,Loligo opalescens,2006,Pacific Coast,Pacific Coast,Pacific Fisheries Management Council,PFMC,Coastal Pelagic Species FMP,Egg-escapement Model,1,Southwest,,,,,,,,,,,,,,,,,,
Scalloped hammerhead,Sphyrna lewini,2009,Atlantic,Atlantic and Gulf of Mexico,Highly Migratory Species; International Convention for the Conservation of Atlantic Tuna,"NOAA HMS, ICCAT",Atlantic/Gulf HMS FMP,Surplus Production Model,2,,Rebuilding,,,,,,,,,,,,,,,,,
,,,,,,,,,,,,,,,,,,,,,,,,,,,,
,,,,,,,,,,,,,,,,,,,,,,,,,,,,
,,,,,,,,,,,,,,,,,,,,,,,,,,,,
,,,,,,,,,,,,,,,,,,,,,,,,,,,,
,,,,,,,,,,,,,,,,,,,,,,,,,,,,
,,,,,,,,,,,,,,,,,,,,,,,,,,,,
,,,,,,,,,,,,,,,,,,,,,,,,,,,,
,,,,,,,,,,,,,,,,,,,,,,,,,,,,
,,,,,,,,,,,,,,,,,,,,,,,,,,,,
,,,,,,,,,,,,,,,,,,,,,,,,,,,,
,,,,,,,,,,,,,,,,,,,,,,,,,,,,
,,,,,,,,,,,,,,,,,,,,,,,,,,,,
,,,,,,,,,,,,,,,,,,,,,,,,,,,,
,,,,,,,,,,,,,,,,,,,,,,,,,,,,
,,,,,,,,,,,,,,,,,,,,,,,,,,,,
,,,,,,,,,,,,,,,,,,,,,,,,,,,,
,,,,,,,,,,,,,,,,,,,,,,,,,,,,
,,,,,,,,,,,,,,,,,,,,,,,,,,,,
,,,,,,,,,,,,,,,,,,,,,,,,,,,,
,,,,,,,,,,,,,,,,,,,,,,,,,,,,
,,,,,,,,,,,,,,,,,,,,,,,,,,,,
,,,,,,,,,,,,,,,,,,,,,,,,,,,,
,,,,,,,,,,,,,,,,,,,,,,,,,,,,
,,,,,,,,,,,,,,,,,,,,,,,,,,,,
,,,,,,,,,,,,,,,,,,,,,,,,,,,,
,,,,,,,,,,,,,,,,,,,,,,,,,,,,
,,,,,,,,,,,,,,,,,,,,,,,,,,,,
,,,,,,,,,,,,,,,,,,,,,,,,,,,,
,,,,,,,,,,,,,,,,,,,,,,,,,,,,
,,,,,,,,,,,,,,,,,,,,,,,,,,,,
,,,,,,,,,,,,,,,,,,,,,,,,,,,,
,,,,,,,,,,,,,,,,,,,,,,,,,,,,
,,,,,,,,,,,,,,,,,,,,,,,,,,,,
,,,,,,,,,,,,,,,,,,,,,,,,,,,,
,,,,,,,,,,,,,,,,,,,,,,,,,,,,
,,,,,,,,,,,,,,,,,,,,,,,,,,,,
,,,,,,,,,,,,,,,,,,,,,,,,,,,,
,,,,,,,,,,,,,,,,,,,,,,,,,,,,
,,,,,,,,,,,,,,,,,,,,,,,,,,,,
,,,,,,,,,,,,,,,,,,,,,,,,,,,,
,,,,,,,,,,,,,,,,,,,,,,,,,,,,
,,,,,,,,,,,,,,,,,,,,,,,,,,,,
,,,,,,,,,,,,,,,,,,,,,,,,,,,,
,,,,,,,,,,,,,,,,,,,,,,,,,,,,
,,,,,,,,,,,,,,,,,,,,,,,,,,,,
,,,,,,,,,,,,,,,,,,,,,,,,,,,,
,,,,,,,,,,,,,,,,,,,,,,,,,,,,
,,,,,,,,,,,,,,,,,,,,,,,,,,,,
,,,,,,,,,,,,,,,,,,,,,,,,,,,,
,,,,,,,,,,,,,,,,,,,,,,,,,,,,
,,,,,,,,,,,,,,,,,,,,,,,,,,,,
,,,,,,,,,,,,,,,,,,,,,,,,,,,,
,,,,,,,,,,,,,,,,,,,,,,,,,,,,
,,,,,,,,,,,,,,,,,,,,,,,,,,,,
,,,,,,,,,,,,,,,,,,,,,,,,,,,,
,,,,,,,,,,,,,,,,,,,,,,,,,,,,
,,,,,,,,,,,,,,,,,,,,,,,,,,,,
,,,,,,,,,,,,,,,,,,,,,,,,,,,,
,,,,,,,,,,,,,,,,,,,,,,,,,,,,
,,,,,,,,,,,,,,,,,,,,,,,,,,,,
,,,,,,,,,,,,,,,,,,,,,,,,,,,,
,,,,,,,,,,,,,,,,,,,,,,,,,,,,
,,,,,,,,,,,,,,,,,,,,,,,,,,,,
,,,,,,,,,,,,,,,,,,,,,,,,,,,,
,,,,,,,,,,,,,,,,,,,,,,,,,,,,
,,,,,,,,,,,,,,,,,,,,,,,,,,,,
,,,,,,,,,,,,,,,,,,,,,,,,,,,,
,,,,,,,,,,,,,,,,,,,,,,,,,,,,
,,,,,,,,,,,,,,,,,,,,,,,,,,,,
,,,,,,,,,,,,,,,,,,,,,,,,,,,,
,,,,,,,,,,,,,,,,,,,,,,,,,,,,
,,,,,,,,,,,,,,,,,,,,,,,,,,,,
,,,,,,,,,,,,,,,,,,,,,,,,,,,,
,,,,,,,,,,,,,,,,,,,,,,,,,,,,
,,,,,,,,,,,,,,,,,,,,,,,,,,,,
,,,,,,,,,,,,,,,,,,,,,,,,,,,,
,,,,,,,,,,,,,,,,,,,,,,,,,,,,
,,,,,,,,,,,,,,,,,,,,,,,,,,,,
,,,,,,,,,,,,,,,,,,,,,,,,,,,,
,,,,,,,,,,,,,,,,,,,,,,,,,,,,
,,,,,,,,,,,,,,,,,,,,,,,,,,,,
,,,,,,,,,,,,,,,,,,,,,,,,,,,,
,,,,,,,,,,,,,,,,,,,,,,,,,,,,
,,,,,,,,,,,,,,,,,,,,,,,,,,,,
,,,,,,,,,,,,,,,,,,,,,,,,,,,,
,,,,,,,,,,,,,,,,,,,,,,,,,,,,
,,,,,,,,,,,,,,,,,,,,,,,,,,,,
,,,,,,,,,,,,,,,,,,,,,,,,,,,,
,,,,,,,,,,,,,,,,,,,,,,,,,,,,
,,,,,,,,,,,,,,,,,,,,,,,,,,,,
,,,,,,,,,,,,,,,,,,,,,,,,,,,,
,,,,,,,,,,,,,,,,,,,,,,,,,,,,
,,,,,,,,,,,,,,,,,,,,,,,,,,,,
,,,,,,,,,,,,,,,,,,,,,,,,,,,,
,,,,,,,,,,,,,,,,,,,,,,,,,,,,
,,,,,,,,,,,,,,,,,,,,,,,,,,,,
,,,,,,,,,,,,,,,,,,,,,,,,,,,,
,,,,,,,,,,,,,,,,,,,,,,,,,,,,
,,,,,,,,,,,,,,,,,,,,,,,,,,,,
,,,,,,,,,,,,,,,,,,,,,,,,,,,,
,,,,,,,,,,,,,,,,,,,,,,,,,,,,
,,,,,,,,,,,,,,,,,,,,,,,,,,,,
,,,,,,,,,,,,,,,,,,,,,,,,,,,,
,,,,,,,,,,,,,,,,,,,,,,,,,,,,
,,,,,,,,,,,,,,,,,,,,,,,,,,,,
,,,,,,,,,,,,,,,,,,,,,,,,,,,,
,,,,,,,,,,,,,,,,,,,,,,,,,,,,
,,,,,,,,,,,,,,,,,,,,,,,,,,,,
,,,,,,,,,,,,,,,,,,,,,,,,,,,,
,,,,,,,,,,,,,,,,,,,,,,,,,,,,
,,,,,,,,,,,,,,,,,,,,,,,,,,,,
,,,,,,,,,,,,,,,,,,,,,,,,,,,,
,,,,,,,,,,,,,,,,,,,,,,,,,,,,
,,,,,,,,,,,,,,,,,,,,,,,,,,,,
,,,,,,,,,,,,,,,,,,,,,,,,,,,,
,,,,,,,,,,,,,,,,,,,,,,,,,,,,
,,,,,,,,,,,,,,,,,,,,,,,,,,,,
,,,,,,,,,,,,,,,,,,,,,,,,,,,,
,,,,,,,,,,,,,,,,,,,,,,,,,,,,
,,,,,,,,,,,,,,,,,,,,,,,,,,,,
,,,,,,,,,,,,,,,,,,,,,,,,,,,,
,,,,,,,,,,,,,,,,,,,,,,,,,,,,
,,,,,,,,,,,,,,,,,,,,,,,,,,,,
,,,,,,,,,,,,,,,,,,,,,,,,,,,,
,,,,,,,,,,,,,,,,,,,,,,,,,,,,
,,,,,,,,,,,,,,,,,,,,,,,,,,,,
,,,,,,,,,,,,,,,,,,,,,,,,,,,,
,,,,,,,,,,,,,,,,,,,,,,,,,,,,
,,,,,,,,,,,,,,,,,,,,,,,,,,,,
,,,,,,,,,,,,,,,,,,,,,,,,,,,,
,,,,,,,,,,,,,,,,,,,,,,,,,,,,
,,,,,,,,,,,,,,,,,,,,,,,,,,,,
,,,,,,,,,,,,,,,,,,,,,,,,,,,,
,,,,,,,,,,,,,,,,,,,,,,,,,,,,
,,,,,,,,,,,,,,,,,,,,,,,,,,,,
,,,,,,,,,,,,,,,,,,,,,,,,,,,,
,,,,,,,,,,,,,,,,,,,,,,,,,,,,
,,,,,,,,,,,,,,,,,,,,,,,,,,,,
,,,,,,,,,,,,,,,,,,,,,,,,,,,,
,,,,,,,,,,,,,,,,,,,,,,,,,,,,
,,,,,,,,,,,,,,,,,,,,,,,,,,,,
,,,,,,,,,,,,,,,,,,,,,,,,,,,,
,,,,,,,,,,,,,,,,,,,,,,,,,,,,
,,,,,,,,,,,,,,,,,,,,,,,,,,,,
,,,,,,,,,,,,,,,,,,,,,,,,,,,,
,,,,,,,,,,,,,,,,,,,,,,,,,,,,
,,,,,,,,,,,,,,,,,,,,,,,,,,,,
,,,,,,,,,,,,,,,,,,,,,,,,,,,,
,,,,,,,,,,,,,,,,,,,,,,,,,,,,
,,,,,,,,,,,,,,,,,,,,,,,,,,,,
,,,,,,,,,,,,,,,,,,,,,,,,,,,,
,,,,,,,,,,,,,,,,,,,,,,,,,,,,
,,,,,,,,,,,,,,,,,,,,,,,,,,,,
,,,,,,,,,,,,,,,,,,,,,,,,,,,,
,,,,,,,,,,,,,,,,,,,,,,,,,,,,
,,,,,,,,,,,,,,,,,,,,,,,,,,,,
,,,,,,,,,,,,,,,,,,,,,,,,,,,,
,,,,,,,,,,,,,,,,,,,,,,,,,,,,
,,,,,,,,,,,,,,,,,,,,,,,,,,,,
,,,,,,,,,,,,,,,,,,,,,,,,,,,,
,,,,,,,,,,,,,,,,,,,,,,,,,,,,
,,,,,,,,,,,,,,,,,,,,,,,,,,,,
,,,,,,,,,,,,,,,,,,,,,,,,,,,,
,,,,,,,,,,,,,,,,,,,,,,,,,,,,
,,,,,,,,,,,,,,,,,,,,,,,,,,,,
,,,,,,,,,,,,,,,,,,,,,,,,,,,,
,,,,,,,,,,,,,,,,,,,,,,,,,,,,
,,,,,,,,,,,,,,,,,,,,,,,,,,,,
,,,,,,,,,,,,,,,,,,,,,,,,,,,,
,,,,,,,,,,,,,,,,,,,,,,,,,,,,
,,,,,,,,,,,,,,,,,,,,,,,,,,,,
,,,,,,,,,,,,,,,,,,,,,,,,,,,,
,,,,,,,,,,,,,,,,,,,,,,,,,,,,
,,,,,,,,,,,,,,,,,,,,,,,,,,,,
,,,,,,,,,,,,,,,,,,,,,,,,,,,,
,,,,,,,,,,,,,,,,,,,,,,,,,,,,
,,,,,,,,,,,,,,,,,,,,,,,,,,,,
,,,,,,,,,,,,,,,,,,,,,,,,,,,,
,,,,,,,,,,,,,,,,,,,,,,,,,,,,
,,,,,,,,,,,,,,,,,,,,,,,,,,,,
,,,,,,,,,,,,,,,,,,,,,,,,,,,,
,,,,,,,,,,,,,,,,,,,,,,,,,,,,
,,,,,,,,,,,,,,,,,,,,,,,,,,,,
,,,,,,,,,,,,,,,,,,,,,,,,,,,,
,,,,,,,,,,,,,,,,,,,,,,,,,,,,
,,,,,,,,,,,,,,,,,,,,,,,,,,,,
,,,,,,,,,,,,,,,,,,,,,,,,,,,,
,,,,,,,,,,,,,,,,,,,,,,,,,,,,
,,,,,,,,,,,,,,,,,,,,,,,,,,,,
,,,,,,,,,,,,,,,,,,,,,,,,,,,,
,,,,,,,,,,,,,,,,,,,,,,,,,,,,
,,,,,,,,,,,,,,,,,,,,,,,,,,,,
,,,,,,,,,,,,,,,,,,,,,,,,,,,,
,,,,,,,,,,,,,,,,,,,,,,,,,,,,
,,,,,,,,,,,,,,,,,,,,,,,,,,,,
,,,,,,,,,,,,,,,,,,,,,,,,,,,,
,,,,,,,,,,,,,,,,,,,,,,,,,,,,
,,,,,,,,,,,,,,,,,,,,,,,,,,,,
,,,,,,,,,,,,,,,,,,,,,,,,,,,,
,,,,,,,,,,,,,,,,,,,,,,,,,,,,
,,,,,,,,,,,,,,,,,,,,,,,,,,,,
,,,,,,,,,,,,,,,,,,,,,,,,,,,,
,,,,,,,,,,,,,,,,,,,,,,,,,,,,
,,,,,,,,,,,,,,,,,,,,,,,,,,,,
,,,,,,,,,,,,,,,,,,,,,,,,,,,,
,,,,,,,,,,,,,,,,,,,,,,,,,,,,
,,,,,,,,,,,,,,,,,,,,,,,,,,,,
,,,,,,,,,,,,,,,,,,,,,,,,,,,,
,,,,,,,,,,,,,,,,,,,,,,,,,,,,
,,,,,,,,,,,,,,,,,,,,,,,,,,,,
,,,,,,,,,,,,,,,,,,,,,,,,,,,,
,,,,,,,,,,,,,,,,,,,,,,,,,,,,
,,,,,,,,,,,,,,,,,,,,,,,,,,,,
,,,,,,,,,,,,,,,,,,,,,,,,,,,,
,,,,,,,,,,,,,,,,,,,,,,,,,,,,
,,,,,,,,,,,,,,,,,,,,,,,,,,,,
,,,,,,,,,,,,,,,,,,,,,,,,,,,,
,,,,,,,,,,,,,,,,,,,,,,,,,,,,
,,,,,,,,,,,,,,,,,,,,,,,,,,,,
,,,,,,,,,,,,,,,,,,,,,,,,,,,,
,,,,,,,,,,,,,,,,,,,,,,,,,,,,
,,,,,,,,,,,,,,,,,,,,,,,,,,,,
,,,,,,,,,,,,,,,,,,,,,,,,,,,,
,,,,,,,,,,,,,,,,,,,,,,,,,,,,
,,,,,,,,,,,,,,,,,,,,,,,,,,,,
,,,,,,,,,,,,,,,,,,,,,,,,,,,,
,,,,,,,,,,,,,,,,,,,,,,,,,,,,
,,,,,,,,,,,,,,,,,,,,,,,,,,,,
,,,,,,,,,,,,,,,,,,,,,,,,,,,,
,,,,,,,,,,,,,,,,,,,,,,,,,,,,
,,,,,,,,,,,,,,,,,,,,,,,,,,,,
,,,,,,,,,,,,,,,,,,,,,,,,,,,,
,,,,,,,,,,,,,,,,,,,,,,,,,,,,
,,,,,,,,,,,,,,,,,,,,,,,,,,,,
,,,,,,,,,,,,,,,,,,,,,,,,,,,,
,,,,,,,,,,,,,,,,,,,,,,,,,,,,
,,,,,,,,,,,,,,,,,,,,,,,,,,,,
,,,,,,,,,,,,,,,,,,,,,,,,,,,,
,,,,,,,,,,,,,,,,,,,,,,,,,,,,
,,,,,,,,,,,,,,,,,,,,,,,,,,,,
,,,,,,,,,,,,,,,,,,,,,,,,,,,,
,,,,,,,,,,,,,,,,,,,,,,,,,,,,
,,,,,,,,,,,,,,,,,,,,,,,,,,,,
,,,,,,,,,,,,,,,,,,,,,,,,,,,,
,,,,,,,,,,,,,,,,,,,,,,,,,,,,
,,,,,,,,,,,,,,,,,,,,,,,,,,,,
,,,,,,,,,,,,,,,,,,,,,,,,,,,,
,,,,,,,,,,,,,,,,,,,,,,,,,,,,
,,,,,,,,,,,,,,,,,,,,,,,,,,,,
,,,,,,,,,,,,,,,,,,,,,,,,,,,,
,,,,,,,,,,,,,,,,,,,,,,,,,,,,
,,,,,,,,,,,,,,,,,,,,,,,,,,,,
,,,,,,,,,,,,,,,,,,,,,,,,,,,,
,,,,,,,,,,,,,,,,,,,,,,,,,,,,
,,,,,,,,,,,,,,,,,,,,,,,,,,,,
,,,,,,,,,,,,,,,,,,,,,,,,,,,,
,,,,,,,,,,,,,,,,,,,,,,,,,,,,
,,,,,,,,,,,,,,,,,,,,,,,,,,,,
,,,,,,,,,,,,,,,,,,,,,,,,,,,,
,,,,,,,,,,,,,,,,,,,,,,,,,,,,
,,,,,,,,,,,,,,,,,,,,,,,,,,,,
,,,,,,,,,,,,,,,,,,,,,,,,,,,,
,,,,,,,,,,,,,,,,,,,,,,,,,,,,
,,,,,,,,,,,,,,,,,,,,,,,,,,,,
,,,,,,,,,,,,,,,,,,,,,,,,,,,,
,,,,,,,,,,,,,,,,,,,,,,,,,,,,
,,,,,,,,,,,,,,,,,,,,,,,,,,,,
,,,,,,,,,,,,,,,,,,,,,,,,,,,,
,,,,,,,,,,,,,,,,,,,,,,,,,,,,
,,,,,,,,,,,,,,,,,,,,,,,,,,,,
,,,,,,,,,,,,,,,,,,,,,,,,,,,,
,,,,,,,,,,,,,,,,,,,,,,,,,,,,
,,,,,,,,,,,,,,,,,,,,,,,,,,,,
,,,,,,,,,,,,,,,,,,,,,,,,,,,,
,,,,,,,,,,,,,,,,,,,,,,,,,,,,
,,,,,,,,,,,,,,,,,,,,,,,,,,,,
,,,,,,,,,,,,,,,,,,,,,,,,,,,,
,,,,,,,,,,,,,,,,,,,,,,,,,,,,
,,,,,,,,,,,,,,,,,,,,,,,,,,,,
,,,,,,,,,,,,,,,,,,,,,,,,,,,,
,,,,,,,,,,,,,,,,,,,,,,,,,,,,
,,,,,,,,,,,,,,,,,,,,,,,,,,,,
,,,,,,,,,,,,,,,,,,,,,,,,,,,,
,,,,,,,,,,,,,,,,,,,,,,,,,,,,
,,,,,,,,,,,,,,,,,,,,,,,,,,,,
,,,,,,,,,,,,,,,,,,,,,,,,,,,,
,,,,,,,,,,,,,,,,,,,,,,,,,,,,
,,,,,,,,,,,,,,,,,,,,,,,,,,,,
,,,,,,,,,,,,,,,,,,,,,,,,,,,,
,,,,,,,,,,,,,,,,,,,,,,,,,,,,
,,,,,,,,,,,,,,,,,,,,,,,,,,,,
,,,,,,,,,,,,,,,,,,,,,,,,,,,,
,,,,,,,,,,,,,,,,,,,,,,,,,,,,
,,,,,,,,,,,,,,,,,,,,,,,,,,,,
,,,,,,,,,,,,,,,,,,,,,,,,,,,,
,,,,,,,,,,,,,,,,,,,,,,,,,,,,
,,,,,,,,,,,,,,,,,,,,,,,,,,,,
,,,,,,,,,,,,,,,,,,,,,,,,,,,,
,,,,,,,,,,,,,,,,,,,,,,,,,,,,
,,,,,,,,,,,,,,,,,,,,,,,,,,,,
,,,,,,,,,,,,,,,,,,,,,,,,,,,,
,,,,,,,,,,,,,,,,,,,,,,,,,,,,
,,,,,,,,,,,,,,,,,,,,,,,,,,,,
,,,,,,,,,,,,,,,,,,,,,,,,,,,,
,,,,,,,,,,,,,,,,,,,,,,,,,,,,
,,,,,,,,,,,,,,,,,,,,,,,,,,,,
,,,,,,,,,,,,,,,,,,,,,,,,,,,,
,,,,,,,,,,,,,,,,,,,,,,,,,,,,
,,,,,,,,,,,,,,,,,,,,,,,,,,,,
,,,,,,,,,,,,,,,,,,,,,,,,,,,,
,,,,,,,,,,,,,,,,,,,,,,,,,,,,
,,,,,,,,,,,,,,,,,,,,,,,,,,,,
,,,,,,,,,,,,,,,,,,,,,,,,,,,,
,,,,,,,,,,,,,,,,,,,,,,,,,,,,
,,,,,,,,,,,,,,,,,,,,,,,,,,,,
,,,,,,,,,,,,,,,,,,,,,,,,,,,,
,,,,,,,,,,,,,,,,,,,,,,,,,,,,
,,,,,,,,,,,,,,,,,,,,,,,,,,,,
,,,,,,,,,,,,,,,,,,,,,,,,,,,,
,,,,,,,,,,,,,,,,,,,,,,,,,,,,
,,,,,,,,,,,,,,,,,,,,,,,,,,,,
,,,,,,,,,,,,,,,,,,,,,,,,,,,,
,,,,,,,,,,,,,,,,,,,,,,,,,,,,
,,,,,,,,,,,,,,,,,,,,,,,,,,,,
,,,,,,,,,,,,,,,,,,,,,,,,,,,,
,,,,,,,,,,,,,,,,,,,,,,,,,,,,
,,,,,,,,,,,,,,,,,,,,,,,,,,,,
,,,,,,,,,,,,,,,,,,,,,,,,,,,,
,,,,,,,,,,,,,,,,,,,,,,,,,,,,
,,,,,,,,,,,,,,,,,,,,,,,,,,,,
,,,,,,,,,,,,,,,,,,,,,,,,,,,,
,,,,,,,,,,,,,,,,,,,,,,,,,,,,
,,,,,,,,,,,,,,,,,,,,,,,,,,,,
,,,,,,,,,,,,,,,,,,,,,,,,,,,,
,,,,,,,,,,,,,,,,,,,,,,,,,,,,
,,,,,,,,,,,,,,,,,,,,,,,,,,,,
,,,,,,,,,,,,,,,,,,,,,,,,,,,,
,,,,,,,,,,,,,,,,,,,,,,,,,,,,
,,,,,,,,,,,,,,,,,,,,,,,,,,,,
,,,,,,,,,,,,,,,,,,,,,,,,,,,,
,,,,,,,,,,,,,,,,,,,,,,,,,,,,
,,,,,,,,,,,,,,,,,,,,,,,,,,,,
,,,,,,,,,,,,,,,,,,,,,,,,,,,,
,,,,,,,,,,,,,,,,,,,,,,,,,,,,
,,,,,,,,,,,,,,,,,,,,,,,,,,,,
,,,,,,,,,,,,,,,,,,,,,,,,,,,,
,,,,,,,,,,,,,,,,,,,,,,,,,,,,
,,,,,,,,,,,,,,,,,,,,,,,,,,,,
,,,,,,,,,,,,,,,,,,,,,,,,,,,,
,,,,,,,,,,,,,,,,,,,,,,,,,,,,
,,,,,,,,,,,,,,,,,,,,,,,,,,,,
,,,,,,,,,,,,,,,,,,,,,,,,,,,,
,,,,,,,,,,,,,,,,,,,,,,,,,,,,
,,,,,,,,,,,,,,,,,,,,,,,,,,,,
,,,,,,,,,,,,,,,,,,,,,,,,,,,,
,,,,,,,,,,,,,,,,,,,,,,,,,,,,
,,,,,,,,,,,,,,,,,,,,,,,,,,,,
,,,,,,,,,,,,,,,,,,,,,,,,,,,,
,,,,,,,,,,,,,,,,,,,,,,,,,,,,
,,,,,,,,,,,,,,,,,,,,,,,,,,,,
,,,,,,,,,,,,,,,,,,,,,,,,,,,,
,,,,,,,,,,,,,,,,,,,,,,,,,,,,
,,,,,,,,,,,,,,,,,,,,,,,,,,,,
,,,,,,,,,,,,,,,,,,,,,,,,,,,,
,,,,,,,,,,,,,,,,,,,,,,,,,,,,
,,,,,,,,,,,,,,,,,,,,,,,,,,,,
,,,,,,,,,,,,,,,,,,,,,,,,,,,,
,,,,,,,,,,,,,,,,,,,,,,,,,,,,
,,,,,,,,,,,,,,,,,,,,,,,,,,,,
,,,,,,,,,,,,,,,,,,,,,,,,,,,,
,,,,,,,,,,,,,,,,,,,,,,,,,,,,
,,,,,,,,,,,,,,,,,,,,,,,,,,,,
,,,,,,,,,,,,,,,,,,,,,,,,,,,,
,,,,,,,,,,,,,,,,,,,,,,,,,,,,
,,,,,,,,,,,,,,,,,,,,,,,,,,,,
,,,,,,,,,,,,,,,,,,,,,,,,,,,,
,,,,,,,,,,,,,,,,,,,,,,,,,,,,
,,,,,,,,,,,,,,,,,,,,,,,,,,,,
,,,,,,,,,,,,,,,,,,,,,,,,,,,,
,,,,,,,,,,,,,,,,,,,,,,,,,,,,
,,,,,,,,,,,,,,,,,,,,,,,,,,,,
,,,,,,,,,,,,,,,,,,,,,,,,,,,,
,,,,,,,,,,,,,,,,,,,,,,,,,,,,
,,,,,,,,,,,,,,,,,,,,,,,,,,,,
,,,,,,,,,,,,,,,,,,,,,,,,,,,,
,,,,,,,,,,,,,,,,,,,,,,,,,,,,
,,,,,,,,,,,,,,,,,,,,,,,,,,,,
,,,,,,,,,,,,,,,,,,,,,,,,,,,,
,,,,,,,,,,,,,,,,,,,,,,,,,,,,
,,,,,,,,,,,,,,,,,,,,,,,,,,,,
,,,,,,,,,,,,,,,,,,,,,,,,,,,,
,,,,,,,,,,,,,,,,,,,,,,,,,,,,
,,,,,,,,,,,,,,,,,,,,,,,,,,,,
,,,,,,,,,,,,,,,,,,,,,,,,,,,,
,,,,,,,,,,,,,,,,,,,,,,,,,,,,
,,,,,,,,,,,,,,,,,,,,,,,,,,,,
,,,,,,,,,,,,,,,,,,,,,,,,,,,,
,,,,,,,,,,,,,,,,,,,,,,,,,,,,
,,,,,,,,,,,,,,,,,,,,,,,,,,,,
,,,,,,,,,,,,,,,,,,,,,,,,,,,,
,,,,,,,,,,,,,,,,,,,,,,,,,,,,
,,,,,,,,,,,,,,,,,,,,,,,,,,,,
,,,,,,,,,,,,,,,,,,,,,,,,,,,,
,,,,,,,,,,,,,,,,,,,,,,,,,,,,
,,,,,,,,,,,,,,,,,,,,,,,,,,,,
,,,,,,,,,,,,,,,,,,,,,,,,,,,,
,,,,,,,,,,,,,,,,,,,,,,,,,,,,
,,,,,,,,,,,,,,,,,,,,,,,,,,,,
,,,,,,,,,,,,,,,,,,,,,,,,,,,,
,,,,,,,,,,,,,,,,,,,,,,,,,,,,
,,,,,,,,,,,,,,,,,,,,,,,,,,,,
,,,,,,,,,,,,,,,,,,,,,,,,,,,,
,,,,,,,,,,,,,,,,,,,,,,,,,,,,
,,,,,,,,,,,,,,,,,,,,,,,,,,,,
,,,,,,,,,,,,,,,,,,,,,,,,,,,,
,,,,,,,,,,,,,,,,,,,,,,,,,,,,
,,,,,,,,,,,,,,,,,,,,,,,,,,,,
,,,,,,,,,,,,,,,,,,,,,,,,,,,,
,,,,,,,,,,,,,,,,,,,,,,,,,,,,
,,,,,,,,,,,,,,,,,,,,,,,,,,,,
,,,,,,,,,,,,,,,,,,,,,,,,,,,,
,,,,,,,,,,,,,,,,,,,,,,,,,,,,
,,,,,,,,,,,,,,,,,,,,,,,,,,,,
,,,,,,,,,,,,,,,,,,,,,,,,,,,,
,,,,,,,,,,,,,,,,,,,,,,,,,,,,
,,,,,,,,,,,,,,,,,,,,,,,,,,,,
,,,,,,,,,,,,,,,,,,,,,,,,,,,,
,,,,,,,,,,,,,,,,,,,,,,,,,,,,
,,,,,,,,,,,,,,,,,,,,,,,,,,,,
,,,,,,,,,,,,,,,,,,,,,,,,,,,,
,,,,,,,,,,,,,,,,,,,,,,,,,,,,
,,,,,,,,,,,,,,,,,,,,,,,,,,,,
,,,,,,,,,,,,,,,,,,,,,,,,,,,,
,,,,,,,,,,,,,,,,,,,,,,,,,,,,
,,,,,,,,,,,,,,,,,,,,,,,,,,,,
,,,,,,,,,,,,,,,,,,,,,,,,,,,,
,,,,,,,,,,,,,,,,,,,,,,,,,,,,
,,,,,,,,,,,,,,,,,,,,,,,,,,,,
,,,,,,,,,,,,,,,,,,,,,,,,,,,,
,,,,,,,,,,,,,,,,,,,,,,,,,,,,
,,,,,,,,,,,,,,,,,,,,,,,,,,,,
,,,,,,,,,,,,,,,,,,,,,,,,,,,,
,,,,,,,,,,,,,,,,,,,,,,,,,,,,
,,,,,,,,,,,,,,,,,,,,,,,,,,,,
,,,,,,,,,,,,,,,,,,,,,,,,,,,,
,,,,,,,,,,,,,,,,,,,,,,,,,,,,
,,,,,,,,,,,,,,,,,,,,,,,,,,,,
,,,,,,,,,,,,,,,,,,,,,,,,,,,,
,,,,,,,,,,,,,,,,,,,,,,,,,,,,
,,,,,,,,,,,,,,,,,,,,,,,,,,,,
,,,,,,,,,,,,,,,,,,,,,,,,,,,,
,,,,,,,,,,,,,,,,,,,,,,,,,,,,
,,,,,,,,,,,,,,,,,,,,,,,,,,,,
,,,,,,,,,,,,,,,,,,,,,,,,,,,,
,,,,,,,,,,,,,,,,,,,,,,,,,,,,
,,,,,,,,,,,,,,,,,,,,,,,,,,,,
,,,,,,,,,,,,,,,,,,,,,,,,,,,,
,,,,,,,,,,,,,,,,,,,,,,,,,,,,
,,,,,,,,,,,,,,,,,,,,,,,,,,,,
,,,,,,,,,,,,,,,,,,,,,,,,,,,,
,,,,,,,,,,,,,,,,,,,,,,,,,,,,
,,,,,,,,,,,,,,,,,,,,,,,,,,,,
,,,,,,,,,,,,,,,,,,,,,,,,,,,,
,,,,,,,,,,,,,,,,,,,,,,,,,,,,
,,,,,,,,,,,,,,,,,,,,,,,,,,,,
,,,,,,,,,,,,,,,,,,,,,,,,,,,,
,,,,,,,,,,,,,,,,,,,,,,,,,,,,
,,,,,,,,,,,,,,,,,,,,,,,,,,,,
,,,,,,,,,,,,,,,,,,,,,,,,,,,,
,,,,,,,,,,,,,,,,,,,,,,,,,,,,
,,,,,,,,,,,,,,,,,,,,,,,,,,,,
,,,,,,,,,,,,,,,,,,,,,,,,,,,,
,,,,,,,,,,,,,,,,,,,,,,,,,,,,
,,,,,,,,,,,,,,,,,,,,,,,,,,,,
,,,,,,,,,,,,,,,,,,,,,,,,,,,,
,,,,,,,,,,,,,,,,,,,,,,,,,,,,
,,,,,,,,,,,,,,,,,,,,,,,,,,,,
,,,,,,,,,,,,,,,,,,,,,,,,,,,,
,,,,,,,,,,,,,,,,,,,,,,,,,,,,
,,,,,,,,,,,,,,,,,,,,,,,,,,,,
,,,,,,,,,,,,,,,,,,,,,,,,,,,,
,,,,,,,,,,,,,,,,,,,,,,,,,,,,
,,,,,,,,,,,,,,,,,,,,,,,,,,,,
,,,,,,,,,,,,,,,,,,,,,,,,,,,,
,,,,,,,,,,,,,,,,,,,,,,,,,,,,
,,,,,,,,,,,,,,,,,,,,,,,,,,,,
,,,,,,,,,,,,,,,,,,,,,,,,,,,,
,,,,,,,,,,,,,,,,,,,,,,,,,,,,
,,,,,,,,,,,,,,,,,,,,,,,,,,,,
,,,,,,,,,,,,,,,,,,,,,,,,,,,,
,,,,,,,,,,,,,,,,,,,,,,,,,,,,
,,,,,,,,,,,,,,,,,,,,,,,,,,,,
,,,,,,,,,,,,,,,,,,,,,,,,,,,,
,,,,,,,,,,,,,,,,,,,,,,,,,,,,
,,,,,,,,,,,,,,,,,,,,,,,,,,,,
,,,,,,,,,,,,,,,,,,,,,,,,,,,,
,,,,,,,,,,,,,,,,,,,,,,,,,,,,
,,,,,,,,,,,,,,,,,,,,,,,,,,,,
,,,,,,,,,,,,,,,,,,,,,,,,,,,,
,,,,,,,,,,,,,,,,,,,,,,,,,,,,
,,,,,,,,,,,,,,,,,,,,,,,,,,,,
,,,,,,,,,,,,,,,,,,,,,,,,,,,,
,,,,,,,,,,,,,,,,,,,,,,,,,,,,
,,,,,,,,,,,,,,,,,,,,,,,,,,,,
,,,,,,,,,,,,,,,,,,,,,,,,,,,,
,,,,,,,,,,,,,,,,,,,,,,,,,,,,
,,,,,,,,,,,,,,,,,,,,,,,,,,,,
,,,,,,,,,,,,,,,,,,,,,,,,,,,,
,,,,,,,,,,,,,,,,,,,,,,,,,,,,
,,,,,,,,,,,,,,,,,,,,,,,,,,,,
,,,,,,,,,,,,,,,,,,,,,,,,,,,,
,,,,,,,,,,,,,,,,,,,,,,,,,,,,
,,,,,,,,,,,,,,,,,,,,,,,,,,,,
,,,,,,,,,,,,,,,,,,,,,,,,,,,,
,,,,,,,,,,,,,,,,,,,,,,,,,,,,
,,,,,,,,,,,,,,,,,,,,,,,,,,,,
,,,,,,,,,,,,,,,,,,,,,,,,,,,,
,,,,,,,,,,,,,,,,,,,,,,,,,,,,
,,,,,,,,,,,,,,,,,,,,,,,,,,,,
,,,,,,,,,,,,,,,,,,,,,,,,,,,,
,,,,,,,,,,,,,,,,,,,,,,,,,,,,
,,,,,,,,,,,,,,,,,,,,,,,,,,,,
,,,,,,,,,,,,,,,,,,,,,,,,,,,,
,,,,,,,,,,,,,,,,,,,,,,,,,,,,
,,,,,,,,,,,,,,,,,,,,,,,,,,,,
,,,,,,,,,,,,,,,,,,,,,,,,,,,,
,,,,,,,,,,,,,,,,,,,,,,,,,,,,
,,,,,,,,,,,,,,,,,,,,,,,,,,,,
,,,,,,,,,,,,,,,,,,,,,,,,,,,,
,,,,,,,,,,,,,,,,,,,,,,,,,,,,
,,,,,,,,,,,,,,,,,,,,,,,,,,,,
,,,,,,,,,,,,,,,,,,,,,,,,,,,,
,,,,,,,,,,,,,,,,,,,,,,,,,,,,
,,,,,,,,,,,,,,,,,,,,,,,,,,,,
,,,,,,,,,,,,,,,,,,,,,,,,,,,,
,,,,,,,,,,,,,,,,,,,,,,,,,,,,
,,,,,,,,,,,,,,,,,,,,,,,,,,,,
,,,,,,,,,,,,,,,,,,,,,,,,,,,,
,,,,,,,,,,,,,,,,,,,,,,,,,,,,
,,,,,,,,,,,,,,,,,,,,,,,,,,,,
,,,,,,,,,,,,,,,,,,,,,,,,,,,,
,,,,,,,,,,,,,,,,,,,,,,,,,,,,
,,,,,,,,,,,,,,,,,,,,,,,,,,,,
,,,,,,,,,,,,,,,,,,,,,,,,,,,,
,,,,,,,,,,,,,,,,,,,,,,,,,,,,
,,,,,,,,,,,,,,,,,,,,,,,,,,,,
,,,,,,,,,,,,,,,,,,,,,,,,,,,,
,,,,,,,,,,,,,,,,,,,,,,,,,,,,
,,,,,,,,,,,,,,,,,,,,,,,,,,,,
,,,,,,,,,,,,,,,,,,,,,,,,,,,,
,,,,,,,,,,,,,,,,,,,,,,,,,,,,
,,,,,,,,,,,,,,,,,,,,,,,,,,,,
,,,,,,,,,,,,,,,,,,,,,,,,,,,,
,,,,,,,,,,,,,,,,,,,,,,,,,,,,
,,,,,,,,,,,,,,,,,,,,,,,,,,,,
,,,,,,,,,,,,,,,,,,,,,,,,,,,,
,,,,,,,,,,,,,,,,,,,,,,,,,,,,
,,,,,,,,,,,,,,,,,,,,,,,,,,,,
,,,,,,,,,,,,,,,,,,,,,,,,,,,,
,,,,,,,,,,,,,,,,,,,,,,,,,,,,
,,,,,,,,,,,,,,,,,,,,,,,,,,,,
,,,,,,,,,,,,,,,,,,,,,,,,,,,,
,,,,,,,,,,,,,,,,,,,,,,,,,,,,
,,,,,,,,,,,,,,,,,,,,,,,,,,,,
,,,,,,,,,,,,,,,,,,,,,,,,,,,,
,,,,,,,,,,,,,,,,,,,,,,,,,,,,
,,,,,,,,,,,,,,,,,,,,,,,,,,,,
,,,,,,,,,,,,,,,,,,,,,,,,,,,,
,,,,,,,,,,,,,,,,,,,,,,,,,,,,
,,,,,,,,,,,,,,,,,,,,,,,,,,,,
,,,,,,,,,,,,,,,,,,,,,,,,,,,,
,,,,,,,,,,,,,,,,,,,,,,,,,,,,
,,,,,,,,,,,,,,,,,,,,,,,,,,,,
,,,,,,,,,,,,,,,,,,,,,,,,,,,,
,,,,,,,,,,,,,,,,,,,,,,,,,,,,
,,,,,,,,,,,,,,,,,,,,,,,,,,,,
,,,,,,,,,,,,,,,,,,,,,,,,,,,,
,,,,,,,,,,,,,,,,,,,,,,,,,,,,
,,,,,,,,,,,,,,,,,,,,,,,,,,,,
,,,,,,,,,,,,,,,,,,,,,,,,,,,,
,,,,,,,,,,,,,,,,,,,,,,,,,,,,
,,,,,,,,,,,,,,,,,,,,,,,,,,,,
,,,,,,,,,,,,,,,,,,,,,,,,,,,,
,,,,,,,,,,,,,,,,,,,,,,,,,,,,
,,,,,,,,,,,,,,,,,,,,,,,,,,,,
,,,,,,,,,,,,,,,,,,,,,,,,,,,,
,,,,,,,,,,,,,,,,,,,,,,,,,,,,
,,,,,,,,,,,,,,,,,,,,,,,,,,,,
,,,,,,,,,,,,,,,,,,,,,,,,,,,,
,,,,,,,,,,,,,,,,,,,,,,,,,,,,
,,,,,,,,,,,,,,,,,,,,,,,,,,,,
,,,,,,,,,,,,,,,,,,,,,,,,,,,,
,,,,,,,,,,,,,,,,,,,,,,,,,,,,
,,,,,,,,,,,,,,,,,,,,,,,,,,,,
,,,,,,,,,,,,,,,,,,,,,,,,,,,,
,,,,,,,,,,,,,,,,,,,,,,,,,,,,
,,,,,,,,,,,,,,,,,,,,,,,,,,,,
,,,,,,,,,,,,,,,,,,,,,,,,,,,,
,,,,,,,,,,,,,,,,,,,,,,,,,,,,
,,,,,,,,,,,,,,,,,,,,,,,,,,,,
,,,,,,,,,,,,,,,,,,,,,,,,,,,,
,,,,,,,,,,,,,,,,,,,,,,,,,,,,
,,,,,,,,,,,,,,,,,,,,,,,,,,,,
,,,,,,,,,,,,,,,,,,,,,,,,,,,,
,,,,,,,,,,,,,,,,,,,,,,,,,,,,
,,,,,,,,,,,,,,,,,,,,,,,,,,,,
,,,,,,,,,,,,,,,,,,,,,,,,,,,,
,,,,,,,,,,,,,,,,,,,,,,,,,,,,
,,,,,,,,,,,,,,,,,,,,,,,,,,,,
,,,,,,,,,,,,,,,,,,,,,,,,,,,,
,,,,,,,,,,,,,,,,,,,,,,,,,,,,
,,,,,,,,,,,,,,,,,,,,,,,,,,,,
,,,,,,,,,,,,,,,,,,,,,,,,,,,,
,,,,,,,,,,,,,,,,,,,,,,,,,,,,
,,,,,,,,,,,,,,,,,,,,,,,,,,,,
,,,,,,,,,,,,,,,,,,,,,,,,,,,,
,,,,,,,,,,,,,,,,,,,,,,,,,,,,
,,,,,,,,,,,,,,,,,,,,,,,,,,,,
,,,,,,,,,,,,,,,,,,,,,,,,,,,,
,,,,,,,,,,,,,,,,,,,,,,,,,,,,
,,,,,,,,,,,,,,,,,,,,,,,,,,,,
,,,,,,,,,,,,,,,,,,,,,,,,,,,,
,,,,,,,,,,,,,,,,,,,,,,,,,,,,
,,,,,,,,,,,,,,,,,,,,,,,,,,,,
,,,,,,,,,,,,,,,,,,,,,,,,,,,,
,,,,,,,,,,,,,,,,,,,,,,,,,,,,
,,,,,,,,,,,,,,,,,,,,,,,,,,,,
,,,,,,,,,,,,,,,,,,,,,,,,,,,,
,,,,,,,,,,,,,,,,,,,,,,,,,,,,
,,,,,,,,,,,,,,,,,,,,,,,,,,,,
,,,,,,,,,,,,,,,,,,,,,,,,,,,,
,,,,,,,,,,,,,,,,,,,,,,,,,,,,
,,,,,,,,,,,,,,,,,,,,,,,,,,,,
,,,,,,,,,,,,,,,,,,,,,,,,,,,,
,,,,,,,,,,,,,,,,,,,,,,,,,,,,
,,,,,,,,,,,,,,,,,,,,,,,,,,,,
,,,,,,,,,,,,,,,,,,,,,,,,,,,,
,,,,,,,,,,,,,,,,,,,,,,,,,,,,
,,,,,,,,,,,,,,,,,,,,,,,,,,,,
,,,,,,,,,,,,,,,,,,,,,,,,,,,,
,,,,,,,,,,,,,,,,,,,,,,,,,,,,
,,,,,,,,,,,,,,,,,,,,,,,,,,,,
,,,,,,,,,,,,,,,,,,,,,,,,,,,,